{
 "name"         : "Alluc",
 "plugin"       : "plugin.video.alluc.api",
 "priority"     : 200,
 "id"           : "direct.alluc.q",
 "filters"      : {},
 "postprocess"  : "",
 "movies"       : [
  [
   {
    "link"      : "plugin://plugin.video.alluc.api/?rand=0.{now}&tmdb_id={id}&title={title}&imdb_id={imdb}&mode=play_movie&year={year}",
    "steps"     : [],
    "action"    : "PLAY"
   }
  ]
 ],
 "tvshows"      : [
  [
   {
    "link"      : "plugin://plugin.video.alluc.api/?rand=0.{now}&episode={episode}&mode=play_episode&tmdb_id={tmdb}&year={year}&season={season}&display={season}x{episode}.+{title_+}&showtitle={clearname_+}&imdb_id={imdb}",
    "steps"     : [],
    "action"    : "PLAY"
   }
  ]
 ],
 "musicvideos"  : [],
 "music"        : [],
 "live"         : []
}