{
 "name"         : " Quasar ([COLOR red]Torrent[/COLOR]) ([COLOR green]HD[/COLOR]) ([COLOR yellow]Choose Source[/COLOR])",
 "repository"   : "repository.unofficialquasar",
 "plugin"       : "plugin.video.quasar",
 "priority"     : 200,
 "id"           : "direct.quasar_select.q",
 "filters"      : {},
 "postprocess"  : "",
 "movies"       : [
  [
   {
    "link"      : "plugin://plugin.video.quasar/movie/{tmdb}/links",
    "steps"     : [],
    "action"    : "PLAY"
   }
  ]
 ],
 "tvshows"      : [
  [
   {
    "link"      : "plugin://plugin.video.quasar/show/{tmdb}/season/{season}/episode/{episode}/links",
    "steps"     : [],
    "action"    : "PLAY"
   }
  ]
 ],
 "musicvideos"  : [],
 "music"        : [],
 "live"         : []
}