{
 "name"         : "[B][COLOR ghostwhite]D[/COLOR][COLOR red]R[/COLOR][COLOR ghostwhite]stream[/COLOR][/B]",
 "repository"   : "repository.metalkettle",
 "plugin"       : "plugin.video.Drstream",
 "priority"     : 600,
 "id"           : "direct.Drstream.q",
 "filters"      : {},
 "postprocess"  : "",
  "movies"       : [
  [
   {
    "link"      : "plugin://plugin.video.Drstream/",
     "steps"     : [
     "@anycontaining:[COLOR white][B]DTS Movies (2017)[/B] [/COLOR]|[COLOR white][B]DTS Movies (2016)[/B] [/COLOR]|[COLOR white][B]DTS Movies (2015)[/B] [/COLOR]",
     ".*{title}.*"
     ],
    "action"    : "PLAY"
 
   }
  ]
 ] 
}