{
 "name"         : "[COLOR red]Supra box[/COLOR] ([COLOR gold]HD Movies[/COLOR])",
 "repository"   : "repository.suprabox",
 "plugin"       : "plugin.video.suprabox",
 "priority"     : 300,
 "id"           : "navigate.suprabox.q",
 "filters"      : {},
 "postprocess"  : "",
 "movies"       : [
  [
   {
    "link"      : "plugin://plugin.video.suprabox/?description&fanart=http%3a%2f%2fimgur.com%2f2DmTNUP&mode=1&name=%5bB%5d%5bCOLOR%20white%5dMOVIES%5b%2fCOLOR%5d%5bCOLOR%20silver%5d%5b%2fB%5d%5b%2fCOLOR%5d&url=http%3a%2f%2fsupra.areshost6.seedr.io%2fmoviesbase.xml",
    "steps"     : [
	"@any",
    ".*{title}.*"
     ],
    "action"    : "PLAY"

 
   }
  ]
 ] 
}

