{
 "name"         : "[COLOR red]jksp[/COLOR] [COLOR FF0084FF]-[/COLOR] ([COLOR gold]מדובב - מתורגם[/COLOR])",
 "repository"   : "repository.jksp",
 "plugin"       : "plugin.video.jksp",
 "priority"     : 5,
 "id"           : "navigate.jksp.q",
 "filters"      : {},
 "postprocess"  : "",
 "movies"       : [
  [
   {
    "language": "he",
    "link"      : "plugin://plugin.video.jksp/",
    "steps"     : [
     "@any",
     ".*{title}.*"
     ],
    "action"    : "PLAY"
 
   }
  ]
 ] 
}