{
 "name"         : "Openload Movies",
 "repository"   : "repository.dandymedia",
 "plugin"       : "plugin.video.openloadmovies",
 "priority"     : 900,
 "id"           : "search.openloadmovies.q",
 "filters"      : {},
 "postprocess"  : "",
 "movies"       : [
  [
   {
    "link"      : "plugin://plugin.video.openloadmovies/?description&iconimage=C%3a%5cimage.jpg&mode=6&name={name}&url=url",
    "steps"     : [
     "@keyboard:{title}",
     "($$.*$$){title}.*{year}.($$.*$$)"
     ],
    "action"    : "PLAY"
   }
  ]
 ],
 "tvshows"      : [],
 "musicvideos"  : [],
 "music"        : [],
 "live"         : []
}