{
 "name"         : " 1080p movies",
 "repository"   : "repository.xbmchub",
 "plugin"       : "plugin.video.1080pmovies_gw",
 "priority"     : 500,
 "id"           : "search.1080pmovies.q",
 "filters"      : {},
 "postprocess"  : "",
 "movies"       : [
  [
   {
    "link"      : "plugin://plugin.video.1080pmovies_gw/?description&iconimage=C%3a%5cUsers%5cuser%5cAppData%5cRoaming%5cKodi%5caddons%5cplugin.video.1080pmovies_gw%2fresources%2ficons%2fsearch.jpg&mode=6&name=%5bB%5d%5bCOLOR%20white%5dSearch%20All%5b%2fCOLOR%5d%5b%2fB%5d&url=url",
        "steps": [
        "keyboard: {name}",
         ".*{name}.*"
      ], 
    "action"    : "PLAY"
   }
  ]
 ],

 "musicvideos"  : [],
 "music"        : [],
 "live"         : []
}