{
 "name"         : "Direct [COLOR FF0084FF]-[/COLOR] [COLOR white]Apollo[/COLOR] [COLOR FF028ddd]Group[/COLOR] ([COLOR FF0084FF]Q[/COLOR])",
 "repository"   : "repository.apollo",
 "plugin"       : "program.apollo",
 "priority"     : 200,
 "id"           : "direct.apollo.q",
 "filters"      : {},
 "postprocess"  : "",
 "movies"       : [
  [
   {
    "link"      : "plugin://program.apollo/?action=apollo&name={title}+%28{year}%29&title={title}&year={year}&imdb={imdb}&tmdb={tmdb}",
    "steps"     : [],
    "action"    : "PLAY"
   }
  ]
 ],
 "tvshows"      : [
  [
   {
    "link"      : "plugin://program.apollo/?action=apollo&name={name}&title={title}&year={year}&imdb={imdb}&tmdb={tmdb}&tvdb={id}&tvrage=&season={season}&episode={episode}&tvshowtitle={showname}&alter=1&premiered={firstaired}",
    "steps"     : [],
    "action"    : "PLAY"
   }
  ]
 ],
 "musicvideos"  : [],
 "music"        : [],
 "live"         : []
}