{
 "name"         : "Explore [COLOR FF0084FF]-[/COLOR] Crackler ",
 "repository"   : "repository.jsergio",
 "plugin"       : "plugin.video.crackler",
 "priority"     : 700,
 "id"           : "explore.crackler.q",
 "filters"      : {},
 "postprocess"  : "",
 "movies"       : [
  [
   {
    "link"      : "plugin://plugin.video.crackler/?foldername=Movies&mode=movies_folder",
    "steps"     : [
     ".*{shorttitle}.*"
     ],
    "action"    : "PLAY"
   }
  ]
 ],
 "tvshows"      : [
  [
   {
    "link"      : "plugin://plugin.video.crackler/?foldername=TV&mode=tv_folder",
    "steps"     : [
     ".*{shortname}.*",
     ".*{title}.*"
     ],
    "action"    : "PLAY"
   }
  ]
 ],
 "musicvideos"  : [],
 "music"        : [],
 "live"         : []
}