<?xml version="1.0" encoding="UTF-8"?>
<window type="dialog">
	<defaultcontrol always="true">3</defaultcontrol>
	<include>Animation_DialogPopupOpenClose</include>
	<depth>DepthOSD</depth>
	<controls>
		<control type="group">
			<top>120</top>
 			<centerleft>50%</centerleft>
 			<width>1220</width>
			<include content="DialogBackgroundCommons">
				<param name="DialogBackgroundWidth" value="1220" />
				<param name="DialogBackgroundHeight" value="742" />
				<param name="DialogHeaderLabel" value="" />
				<param name="DialogHeaderId" value="1" />
			</include>
			<control type="image">
				<left>20</left>
				<top>80</top>
				<width>920</width>
				<height>665</height>
				<texture border="40">buttons/dialogbutton-nofo.png</texture>
			</control>
			<control type="image">
				<left>940</left>
				<top>310</top>
				<width>260</width>
				<height>380</height>
				<aspectratio aligny="bottom">keep</aspectratio>
				<bordertexture colordiffuse="border_alpha">colors/black.png</bordertexture>
				<bordersize>4</bordersize>
				<texture border="4" background="true">$INFO[Container(6).ListItem.Icon]</texture>
			</control>
			<control type="list" id="3">
				<left>40</left>
				<top>100</top>
				<width>880</width>
				<height>625</height>
				<onup>3</onup>
				<ondown>3</ondown>
				<onleft>61</onleft>
				<onright>9001</onright>
				<pagecontrol>61</pagecontrol>
				<scrolltime>200</scrolltime>
				<include content="DefaultSimpleListLayout">
					<param name="width" value="880" />
					<param name="height" value="69" />
					<param name="list_id" value="3" />
				</include>
			</control>
			<control type="list" id="6">
				<left>40</left>
				<top>100</top>
				<width>880</width>
				<height>625</height>
				<onup>6</onup>
				<ondown>6</ondown>
				<onleft>61</onleft>
				<onright>9001</onright>
				<pagecontrol>61</pagecontrol>
				<scrolltime>200</scrolltime>
				<itemlayout height="125" width="880">
					<control type="image">
						<left>0</left>
						<top>0</top>
						<width>880</width>
						<height>125</height>
						<texture border="40">lists/separator.png</texture>
					</control>
					<control type="image">
						<right>10</right><!-- Abeksis -->
						<top>5</top><!-- Abeksis -->
						<width>110</width>
						<height>110</height>
						<texture>$INFO[Listitem.Icon]</texture>
						<aspectratio>keep</aspectratio>
					</control>
					<control type="label">
						<right>135</right><!-- Abeksis -->
						<top>0</top>
						<align>right</align><!-- Abeksis -->
						<width>730</width>
						<height>125</height>
						<aligny>center</aligny>
						<label>$INFO[ListItem.Label]</label>
						<font>font14</font>
						<visible>String.IsEmpty(ListItem.Label2)</visible>
					</control>
					<control type="label">
						<left>12</left><!-- Abeksis -->
						<top>13</top>
						<width>730</width>
						<height>60</height>
						<align>right</align><!-- Abeksis -->
						<aligny>center</aligny>
						<label>$INFO[ListItem.Label]</label>
						<font>font14</font>
						<visible>!String.IsEmpty(ListItem.Label2)</visible>
					</control>
					<control type="label">
						<right>135</right><!-- Abeksis -->
						<top>52</top><!-- Abeksis -->
						<align>right</align><!-- Abeksis -->
						<width>730</width>
						<height>60</height>
						<font>font12</font>
						<textcolor>grey</textcolor>
						<label>$INFO[ListItem.Label2]</label>
					</control>
				</itemlayout>
				<focusedlayout height="125" width="880">
					<control type="image">
						<left>0</left>
						<top>0</top>
						<width>880</width>
						<height>125</height>
						<texture border="40">lists/separator.png</texture>
						<visible>!Control.HasFocus(6)</visible>
					</control>
					<control type="image">
						<left>0</left>
						<top>0</top>
						<width>878</width>
						<height>125</height>
						<texture colordiffuse="$VAR[SkinColorVar]">lists/focus.png</texture>
						<visible>Control.HasFocus(6)</visible>
					</control>
					<control type="image">
						<right>10</right><!-- Abeksis -->
						<top>5</top><!-- Abeksis -->
						<width>110</width>
						<height>110</height>
						<texture>$INFO[Listitem.Icon]</texture>
						<aspectratio>keep</aspectratio>
					</control>
					<control type="label">
						<right>135</right><!-- Abeksis -->
						<top>0</top>
						<align>right</align><!-- Abeksis -->
						<width>730</width>
						<height>125</height>
						<aligny>center</aligny>
						<scroll>true</scroll>
						<label>$INFO[ListItem.Label]</label>
						<font>font14</font>
						<visible>String.IsEmpty(ListItem.Label2)</visible>
					</control>
					<control type="label">
						<left>12</left><!-- Abeksis -->
						<top>13</top>
						<width>730</width>
						<height>60</height>
						<align>right</align><!-- Abeksis -->
						<aligny>center</aligny>
						<scroll>true</scroll>
						<label>$INFO[ListItem.Label]</label>
						<font>font14</font>
						<visible>!String.IsEmpty(ListItem.Label2)</visible>
					</control>
					<control type="label">
						<right>135</right><!-- Abeksis -->
						<top>52</top>
						<width>730</width>
						<height>60</height>
						<align>right</align><!-- Abeksis -->
						<font>font12</font>
						<scroll>true</scroll>
						<label>$INFO[ListItem.Label2]</label>
					</control>
				</focusedlayout>
			</control>
			<control type="scrollbar" id="61">
				<left>20</left>
				<top>100</top>
				<width>12</width>
				<height>625</height>
				<onleft condition="Control.IsVisible(3)">3</onleft>
				<onleft condition="Control.IsVisible(6)">6</onleft>
				<onright condition="Control.IsVisible(3)">3</onright>
				<onright condition="Control.IsVisible(6)">6</onright>
				<orientation>vertical</orientation>
			</control>
			<control type="group">
				<control type="label">
					<description>number of files/pages in list text label</description>
					<left>925</left>
					<top>695</top>
					<width>275</width>
					<height>35</height>
					<font>font10</font>
					<align>right</align>
					<aligny>center</aligny>
					<textcolor>$VAR[SkinColorVar]</textcolor>
					<label>$VAR[SelectLabel]</label>
				</control>
				<control type="grouplist" id="9001">
					<left>920</left>
					<top>80</top>
					<onleft condition="Control.IsVisible(3)">3</onleft>
					<onleft condition="Control.IsVisible(6)">6</onleft>
					<itemgap>-20</itemgap>
					<onright condition="Control.IsVisible(3)">3</onright>
					<onright condition="Control.IsVisible(6)">9001</onright>
					<include content="DefaultDialogButton">
						<param name="id" value="5" />
						<param name="label" value="" />
					</include>
					<include content="DefaultDialogButton">
						<param name="id" value="7" />
						<param name="label" value="$LOCALIZE[222]" />
					</include>
				</control>
			</control>
		</control>
	</controls>
</window>