<?xml version="1.0" encoding="UTF-8"?>
<window>
	<include>Animation_DialogPopupOpenClose</include>
	<depth>DepthDialog+</depth>
	<controls>
	<control type="group">
 			<top>345</top>
 			<centerleft>50%</centerleft>
  			<width>915</width>
		<include content="DialogBackgroundCommons">
			<param name="DialogBackgroundWidth" value="915" />
			<param name="DialogBackgroundHeight" value="380" />
			<param name="DialogHeaderLabel" value="" />
			<param name="DialogHeaderId" value="1" />
		</include>
		<control type="textbox" id="9">
			<left>30</left>
			<top>82</top>
			<width>855</width>
			<height>150</height>
			<align>right</align><!-- Abeksis -->
			<label></label>
			<autoscroll time="3000" delay="4000" repeat="5000">true</autoscroll>
		</control>
		<control type="progress" id="20">
			<left>45</left>
			<top>252</top>
			<width>825</width>
			<height>24</height>
			<info>System.Progressbar</info>
		</control>
		<control type="grouplist" id="9000">
			<orientation>horizontal</orientation>
			<left>0</left>
			<top>280</top>
			<width>915</width>
			<align>center</align>
			<include content="DefaultDialogButton">
				<param name="id" value="10" />
				<param name="label" value="" />
			</include>			
			<include content="DefaultDialogButton">
				<param name="id" value="11" />
				<param name="label" value="" />
			</include>
			<include content="DefaultDialogButton">
				<param name="id" value="12" />
				<param name="label" value="" />
			</include>
		</control>
		</control>
	</controls>
</window>