<sources>
    <programs>
        <default pathversion="1"></default>
    </programs>
    <video>
        <default pathversion="1"></default>
        <source>
            <name>imdb Movies</name>
            <path pathversion="1">special://home/userdata/addon_data/plugin.video.imdb.watchlists/Movies/</path>
            <allowsharing>true</allowsharing>
        </source>
        <source>
            <name>imdb Tv</name>
            <path pathversion="1">special://home/userdata/addon_data/plugin.video.imdb.watchlists/TV/</path>
            <allowsharing>true</allowsharing>
        </source>
    </video>
    <music>
        <default pathversion="1"></default>
    </music>
    <pictures>
        <default pathversion="1"></default>
    </pictures>
    <files>
        <default pathversion="1"></default>
    </files>
</sources>
