<?xml version='1.0' encoding='UTF-8'?>
<shortcuts>
	<shortcut>
		<defaultID />
		<label>$SKIN[31770|skin.titan.senyor|Movies]</label>
		<label2>הרחבת וידאו</label2>
		<icon>DefaultShortcut.png</icon>
		<thumb>special://skin/extras/hometiles/moviest.jpg</thumb>
		<action>ActivateWindow(Videos,"plugin://plugin.video.all_addons_stream_light/?url=%D7%A1%D7%A8%D7%98%D7%99%D7%9D&amp;mode=9&amp;name=%D7%A1%D7%A8%D7%98%D7%99%D7%9D&amp;iconimage=C%3A%5CUsers%5Cuser%5CAppData%5CRoaming%5CKodi%5Caddons%5Cplugin.video.all_addons_stream_light%5Cresources%5Cart%5CMovies-Oscar-icon.png",return)</action>
	</shortcut>
	<shortcut>
		<defaultID />
		<label>$SKIN[31771|skin.titan.senyor|Tv Shows]</label>
		<label2>הרחבת וידאו</label2>
		<icon>DefaultShortcut.png</icon>
		<thumb>special://skin/extras/hometiles/tvshowst.jpg</thumb>
		<action>ActivateWindow(Videos,"plugin://plugin.video.all_addons_stream_light/?url=%D7%A1%D7%93%D7%A8%D7%95%D7%AA&amp;mode=10&amp;name=%D7%A1%D7%93%D7%A8%D7%95%D7%AA&amp;iconimage=C%3A%5CUsers%5Cuser%5CAppData%5CRoaming%5CKodi%5Caddons%5Cplugin.video.all_addons_stream_light%5Cresources%5Cart%5Ctelevision-08-icon.png",return)</action>
	</shortcut>
	<shortcut>
		<defaultID />
		<label>$SKIN[31772|skin.titan.senyor|Live Tv]</label>
		<label2>הרחבת וידאו</label2>
		<icon>DefaultShortcut.png</icon>
		<thumb>special://skin/extras/hometiles/livetvt.jpg</thumb>
		<action>ActivateWindow(Videos,"plugin://plugin.video.all_addons_stream_light/?url=%D7%98%D7%9C%D7%95%D7%95%D7%99%D7%96%D7%99%D7%94&amp;mode=11&amp;name=%D7%98%D7%9C%D7%95%D7%95%D7%99%D7%96%D7%99%D7%94&amp;iconimage=C%3A%5CUsers%5Cuser%5CAppData%5CRoaming%5CKodi%5Caddons%5Cplugin.video.all_addons_stream_light%5Cresources%5Cart%5Ctelevision-07-icon.png",return)</action>
	</shortcut>
	<shortcut>
		<defaultID />
		<label>$SKIN[31773|skin.titan.senyor|Music]</label>
		<label2>הרחבת וידאו</label2>
		<icon>DefaultShortcut.png</icon>
		<thumb>special://skin/extras/hometiles/musict.jpg</thumb>
		<action>ActivateWindow(Videos,"plugin://plugin.video.all_addons_stream_light/?url=%D7%9E%D7%95%D7%96%D7%99%D7%A7%D7%94&amp;mode=70&amp;name=%D7%9E%D7%95%D7%96%D7%99%D7%A7%D7%94++%D7%95%D7%A8%D7%93%D7%99%D7%95&amp;iconimage=C%3A%5CUsers%5Cuser%5CAppData%5CRoaming%5CKodi%5Caddons%5Cplugin.video.all_addons_stream_light%5Cresources%5Cart%5CMusic-icon.png",return)</action>
	</shortcut>
	<shortcut>
		<defaultID />
		<label>$SKIN[31774|skin.titan.senyor|Addons]</label>
		<label2>הרחבת וידאו</label2>
		<icon>DefaultShortcut.png</icon>
		<thumb>special://skin/extras/hometiles/addonst.jpg</thumb>
		<action>ActivateWindow(Videos,"plugin://plugin.video.all_addons_stream_light/?url=%D7%94%D7%A8%D7%97%D7%91%D7%95%D7%AA&amp;mode=58&amp;name=%D7%94%D7%A8%D7%97%D7%91%D7%95%D7%AA&amp;iconimage=C%3A%5CUsers%5Cuser%5CAppData%5CRoaming%5CKodi%5Caddons%5Cplugin.video.all_addons_stream_light%5Cresources%5Cart%5Cmovie-icon.png",return)</action>
	</shortcut>
	<shortcut>
		<defaultID />
		<label>$SKIN[31775|skin.titan.senyor|Vod]</label>
		<label2>הרחבת וידאו</label2>
		<icon>DefaultShortcut.png</icon>
		<thumb>special://skin/extras/hometiles/vod.jpg</thumb>
		<action>ActivateWindow(Videos,"plugin://plugin.video.all_addons_stream_light/?url=%D7%A1%D7%A4%D7%A8%D7%99%D7%AA+%D7%AA%D7%95%D7%9B%D7%9F&amp;mode=33&amp;name=%D7%A1%D7%A4%D7%A8%D7%99%D7%AA+%D7%AA%D7%95%D7%9B%D7%9F&amp;iconimage=C%3A%5CUsers%5Cuser%5CAppData%5CRoaming%5CKodi%5Caddons%5Cplugin.video.all_addons_stream_light%5Cresources%5Cart%5CMovies-icon.png",return)</action>
	</shortcut>
	<shortcut>
		<defaultID />
		<label>$SKIN[31776|skin.titan.senyor|Kids]</label>
		<label2>הרחבת וידאו</label2>
		<icon>DefaultShortcut.png</icon>
		<thumb>special://skin/extras/hometiles/kids.jpg</thumb>
		<action>ActivateWindow(Videos,"plugin://plugin.video.all_addons_stream_light/?url=%D7%99%D7%9C%D7%93%D7%99%D7%9D&amp;mode=13&amp;name=%D7%99%D7%9C%D7%93%D7%99%D7%9D&amp;iconimage=C%3A%5CUsers%5Cuser%5CAppData%5CRoaming%5CKodi%5Caddons%5Cplugin.video.all_addons_stream_light%5Cresources%5Cart%5CKids-icon.png",return)</action>
	</shortcut>
	<shortcut>
		<defaultID />
		<label>$SKIN[31777|skin.titan.senyor|Documentary]</label>
		<label2>הרחבת וידאו</label2>
		<icon>DefaultShortcut.png</icon>
		<thumb>special://skin/extras/hometiles/sciencenature.jpg</thumb>
		<action>ActivateWindow(Videos,"plugin://plugin.video.all_addons_stream_light/?url=%D7%93%D7%95%D7%A7%D7%95%D7%9E%D7%A0%D7%98%D7%A8%D7%99&amp;mode=12&amp;name=%D7%9E%D7%93%D7%A2+%D7%95%D7%98%D7%91%D7%A2&amp;iconimage=C%3A%5CUsers%5Cuser%5CAppData%5CRoaming%5CKodi%5Caddons%5Cplugin.video.all_addons_stream_light%5Cresources%5Cart%5CDocumentary-icon.png",return)</action>
	</shortcut>
	<shortcut>
		<defaultID>weather</defaultID>
		<label>12600</label>
		<label2>מזג אוויר</label2>
		<icon>special://skin/extras/hometiles/weather.png</icon>
		<thumb>$VAR[WeatherFanArtSingleImage_Current]</thumb>
		<action>ActivateWindow(Weather)</action>
	</shortcut>
	<shortcut>
		<defaultID>10134</defaultID>
		<label>10134</label>
		<label2 />
		<icon>special://skin/extras/hometiles/favourites.png</icon>
		<thumb>special://skin/extras/hometiles/favoritest.jpg</thumb>
		<action>ActivateWindow(favourites)</action>
	</shortcut>
	<shortcut>
		<defaultID>settings</defaultID>
		<label>10004</label>
		<label2>הגדרות</label2>
		<icon>special://skin/extras/hometiles/settings.png</icon>
		<thumb>special://skin/extras/hometiles/settingst.jpg</thumb>
		<action>ActivateWindow(Settings)</action>
	</shortcut>
</shortcuts>
