<?xml version='1.0' encoding='UTF-8'?>
<shortcuts>
	<shortcut>
		<defaultID>20077</defaultID>
		<label>10004</label>
		<label2>Settings</label2>
		<icon>special://skin/extras/hometiles/settings.png</icon>
		<thumb />
		<action>ActivateWindow(Settings)</action>
	</shortcut>
	<shortcut>
		<defaultID>20077</defaultID>
		<label>20077</label>
		<label2>Settings</label2>
		<icon>special://skin/extras/hometiles/settings.png</icon>
		<thumb />
		<action>ActivateWindow(SkinSettings)</action>
	</shortcut>
	<shortcut>
		<defaultID />
		<label>31787</label>
		<label2>הרחבת וידאו</label2>
		<icon>DefaultShortcut.png</icon>
		<thumb>image://C%3a%5cUsers%5cuser%5cAppData%5cRoaming%5cKodi%5caddons%5cplugin.video.all_addons_stream_light%5cresources%5cart%5cSettings-icon.png/</thumb>
		<action>ActivateWindow(Videos,"plugin://plugin.video.all_addons_stream_light/?url=%D7%9E%D7%A2%D7%A8%D7%9B%D7%AA&amp;mode=61&amp;name=%D7%9E%D7%A2%D7%A8%D7%9B%D7%AA&amp;iconimage=C%3A%5CUsers%5Cuser%5CAppData%5CRoaming%5CKodi%5Caddons%5Cplugin.video.all_addons_stream_light%5Cresources%5Cart%5CSettings-icon.png",return)</action>
	</shortcut>
	<shortcut>
		<defaultID>7</defaultID>
		<label>7</label>
		<label2>Common Shortcut</label2>
		<icon>special://skin/extras/hometiles/filemanager.png</icon>
		<thumb />
		<action>ActivateWindow(FileManager)</action>
	</shortcut>
	<shortcut>
		<defaultID>744</defaultID>
		<label>744</label>
		<label2>item</label2>
		<icon>DefaultFolder.png</icon>
		<thumb />
		<action>ActivateWindow(Videos,sources://video/,return)</action>
	</shortcut>
	<shortcut>
		<defaultID>14111</defaultID>
		<label>14111</label>
		<label2>Common Shortcut</label2>
		<icon>special://skin/extras/hometiles/settings.png</icon>
		<thumb />
		<action>ActivateWindow(eventlog)</action>
	</shortcut>
</shortcuts>
