{
 "name"         : "Explore [COLOR FF0084FF]-[/COLOR] Crackle2 ([COLOR FF0084FF]Q[/COLOR])",
 "repository"   : "repository.jsergio",
 "plugin"       : "plugin.video.crackle2",
 "priority"     : 700,
 "id"           : "explore.crackle2.q",
 "filters"      : {},
 "postprocess"  : "",
 "movies"       : [
  [
   {
    "link"      : "plugin://plugin.video.crackle2/?mode=30&name=Browse&url",
    "steps"     : [
     ".*{shorttitle}.*"
     ],
    "action"    : "PLAY"
   }
  ]
 ],
 "tvshows"      : [
  [
   {
    "link"      : "plugin://plugin.video.crackle2/?mode=21&name=Popular&url",
    "steps"     : [
     ".*{shortname}.*",
     ".*{title}.*"
     ],
    "action"    : "PLAY"
   }
  ]
 ],
 "musicvideos"  : [],
 "music"        : [],
 "live"         : []
}