{
 "name"         : "Hype Machine",
 "repository"   : "na",
 "plugin"       : "plugin.audio.hypem_com",
 "priority"     : 900,
 "id"           : "provider.kaosbox.hypem_com.search.play",
  "filters"      : {},
 "postprocess"  : "",
 "movies"       : [],
 "tvshows"      : [],
 "musicvideos"  : [],
 "music"        : [
  [
   {
    "link"      : "plugin://plugin.audio.hypem_com/?mode=search",
    "steps"     : [
     "keyboard:{cleartrack_+}",
     ".*{artist}.*{track}.*"
     ],
    "action"    : "PLAY"
   }
  ]
 ],

 "live"         : []
}