<?xml version='1.0' encoding='UTF-8'?>
<shortcuts>
	<shortcut>
		<defaultID>135</defaultID>
		<label>$SKIN[31127|skin.titan.senyor|נוסף לאחרונה]</label>
		<label2>Movies</label2>
		<icon>$INFO[Window(Home).Property(SkinHelper.RecentMoviesBackground)]</icon>
		<thumb />
		<action>ActivateWindow(10025,videodb://recentlyaddedmovies/,return)</action>
	</shortcut>
	<shortcut>
		<defaultID>135</defaultID>
		<label>$SKIN[31050|skin.titan.senyor|כל הסרטים]</label>
		<label2>Movies</label2>
		<icon>$INFO[Window(Home).Property(SkinHelper.AllMoviesBackground)]</icon>
		<thumb />
		<action>ActivateWindow(10025,videodb://movies/titles/,return)</action>
	</shortcut>
	<shortcut>
		<defaultID>135</defaultID>
		<label>135</label>
		<label2>Movies</label2>
		<icon>$INFO[Window(Home).Property(SkinHelper.AllMoviesBackground)]</icon>
		<thumb />
		<action>ActivateWindow(10025,videodb://movies/genres/,return)</action>
	</shortcut>
	<shortcut>
		<defaultID>135</defaultID>
		<label>$SKIN[31035|skin.titan.senyor|סרטים בתהליך צפיה]</label>
		<label2>Movies</label2>
		<icon>$INFO[Window(Home).Property(SkinHelper.InProgressMoviesBackground)]</icon>
		<thumb />
		<action>ActivateWindow(10025,C:\Users\user\AppData\Roaming\Kodi\addons\skin.titan.senyor\extras/widgetplaylists/inprogressmovies.xsp)</action>
		<visible>Skin.HasSetting(IsTitanSkin)</visible>
	</shortcut>
	<shortcut>
		<defaultID>135</defaultID>
		<label>16101</label>
		<label2>Movies</label2>
		<icon>$INFO[Window(Home).Property(SkinHelper.UnwatchedMoviesBackground)]</icon>
		<thumb />
		<action>ActivateWindow(10025,C:\Users\user\AppData\Roaming\Kodi\addons\skin.titan.senyor\extras/widgetplaylists/unwatchedmovies.xsp)</action>
		<visible>Skin.HasSetting(IsTitanSkin)</visible>
	</shortcut>
</shortcuts>
