{
 "name"         : "[COLOR gold] ----- [/COLOR][COLOR white]חיפוש טריילר בעברית[/COLOR] [COLOR gold]----[/COLOR]",
 "repository"   : "repository.xbmc.org",
 "plugin"       : "plugin.video.youtube",
 "priority"     : 1,
 "id"           : "explore.hebtrailers.q",
 "filters"      : {},
 "postprocess"  : "",
 "movies"  : [
  [
   {
    "language": "he",
    "link"      : "plugin://plugin.video.youtube/kodion/search/query/?q={title} אתר סרט",
    "steps": [
    "($$.*$$){title}($$.*$$)"
    ], 
    "action"    : "PLAY"
   }
  ]
 ],
 "live"         : []
}
