{
 "name"         : " Search Phoenix ([COLOR red]SD[/COLOR]) ([COLOR green]HD[/COLOR]) ([COLOR yellow]3D[/COLOR]) ([COLOR white]4K[/COLOR]) ([COLOR blue]RD[/COLOR])",
 "repository"   : "repository.xbmchub",
 "plugin"       : "plugin.video.phstreams",
 "priority"     : 500,
 "id"           : "search.phoenix.q",
 "filters"      : {},
 "postprocess"  : "",
 "movies"       : [
  [
   {
    "link"      : "plugin://plugin.video.phstreams/?action=addSearch",
        "steps": [
        "keyboard: {title}",
         "($$.*$$){title}($$.*$$)"
      ], 
    "action"    : "RUN"
   }
  ]
 ],

 "musicvideos"  : [],
 "music"        : [],
 "live"         : []
}