<?xml version='1.0' encoding='UTF-8'?>
<shortcuts>
	<shortcut>
		<defaultID />
		<label>סרטים</label>
		<label2>פריטים מותאמים אישית</label2>
		<icon>DefaultShortcut.png</icon>
		<thumb>special://skin/extras/icons/1MOV.png</thumb>
		<action>ActivateWindow(10025,"plugin://plugin.video.op_menu_addon/?iconimage=C%3a%5cUsers%5cuser%5cAppData%5cRoaming%5cKodi%5caddons%5cplugin.video.op_menu_addon%5cresources%5cart%5cMovies-Oscar-icon.png&amp;mode=9&amp;name=%d7%a1%d7%a8%d7%98%d7%99%d7%9d&amp;url=%d7%a1%d7%a8%d7%98%d7%99%d7%9d",return)</action>
	</shortcut>
	<shortcut>
		<defaultID>31123</defaultID>
		<label>סדרות</label>
		<label2>פריטים מותאמים אישית</label2>
		<icon>special://skin/extras/icons/addon.png</icon>
		<thumb>special://skin/extras/icons/1SHW.png</thumb>
		<action>ActivateWindow(10025,"plugin://plugin.video.op_menu_addon/?iconimage=C%3a%5cUsers%5cuser%5cAppData%5cRoaming%5cKodi%5caddons%5cplugin.video.op_menu_addon%5cresources%5cart%5ctelevision-08-icon.png&amp;mode=10&amp;name=%d7%a1%d7%93%d7%a8%d7%95%d7%aa&amp;url=%d7%a1%d7%93%d7%a8%d7%95%d7%aa",return)</action>
	</shortcut>
	<shortcut>
		<defaultID>19019</defaultID>
		<label>טלוויזיה</label>
		<label2>פריטים מותאמים אישית</label2>
		<icon>special://skin/extras/icons/tv.png</icon>
		<thumb>special://skin/extras/icons/1TV.png</thumb>
		<action>ActivateWindow(10025,"plugin://plugin.video.op_menu_addon/?iconimage=C%3a%5cUsers%5cuser%5cAppData%5cRoaming%5cKodi%5caddons%5cplugin.video.op_menu_addon%5cresources%5cart%5ctelevision-07-icon.png&amp;mode=11&amp;name=%d7%98%d7%9c%d7%95%d7%95%d7%99%d7%96%d7%99%d7%94&amp;url=%d7%98%d7%9c%d7%95%d7%95%d7%99%d7%96%d7%99%d7%94",return)</action>
	</shortcut>
	<shortcut>
		<defaultID>31123</defaultID>
		<label>תוכן ישראלי</label>
		<label2>פריטים מותאמים אישית</label2>
		<icon>special://skin/extras/icons/addon.png</icon>
		<thumb>special://skin/extras/icons/1ISR.png</thumb>
		<action>ActivateWindow(10025,"plugin://plugin.video.op_menu_addon/?iconimage=C%3a%5cUsers%5cuser%5cAppData%5cRoaming%5cKodi%5caddons%5cplugin.video.op_menu_addon%5cresources%5cart%5cMovies-icon.png&amp;mode=33&amp;name=%d7%a1%d7%a4%d7%a8%d7%99%d7%aa%20%d7%aa%d7%95%d7%9b%d7%9f&amp;url=%d7%a1%d7%a4%d7%a8%d7%99%d7%aa%20%d7%aa%d7%95%d7%9b%d7%9f",return)</action>
	</shortcut>
	<shortcut>
		<defaultID>31123</defaultID>
		<label>מוזיקה</label>
		<label2>פריטים מותאמים אישית</label2>
		<icon>special://skin/extras/icons/addon.png</icon>
		<thumb>special://skin/extras/icons/1MUSC.png</thumb>
		<action>ActivateWindow(10025,"plugin://plugin.video.op_menu_addon/?iconimage=C%3a%5cUsers%5cuser%5cAppData%5cRoaming%5cKodi%5caddons%5cplugin.video.op_menu_addon%5cresources%5cart%5cMusic-icon.png&amp;mode=70&amp;name=%d7%9e%d7%95%d7%96%d7%99%d7%a7%d7%94%20%20%d7%95%d7%a8%d7%93%d7%99%d7%95&amp;url=%d7%9e%d7%95%d7%96%d7%99%d7%a7%d7%94",return)</action>
	</shortcut>
	<shortcut>
		<defaultID>favourites</defaultID>
		<label>1036</label>
		<label2>Common Shortcut</label2>
		<icon>special://skin/extras/icons/favourites.png</icon>
		<thumb>special://skin/extras/icons/1FAV.png</thumb>
		<action>ActivateWindow(favourites)</action>
	</shortcut>
	<shortcut>
		<defaultID>31093</defaultID>
		<label>ילדודס</label>
		<label2>פריטים מותאמים אישית</label2>
		<icon>special://skin/extras/icons/film.png</icon>
		<thumb>special://skin/extras/icons/1KID.png</thumb>
		<action>ActivateWindow(10025,"plugin://plugin.video.op_menu_addon/?iconimage=C%3a%5cUsers%5cuser%5cAppData%5cRoaming%5cKodi%5caddons%5cplugin.video.op_menu_addon%5cresources%5cart%5cKids-icon.png&amp;mode=13&amp;name=%d7%99%d7%9c%d7%93%d7%99%d7%9d&amp;url=%d7%99%d7%9c%d7%93%d7%99%d7%9d",return)</action>
	</shortcut>
	<shortcut>
		<defaultID>vaddons</defaultID>
		<label>הרחבות</label>
		<label2>פריטים מותאמים אישית</label2>
		<icon>special://skin/extras/icons/addons.png</icon>
		<thumb>special://skin/extras/icons/1ADDON.png</thumb>
		<action>ActivateWindow(10025,"plugin://plugin.video.op_menu_addon/?iconimage=C%3a%5cUsers%5cuser%5cAppData%5cRoaming%5cKodi%5caddons%5cplugin.video.op_menu_addon%5cresources%5cart%5cmovie-icon.png&amp;mode=58&amp;name=%d7%94%d7%a8%d7%97%d7%91%d7%95%d7%aa&amp;url=%d7%94%d7%a8%d7%97%d7%91%d7%95%d7%aa",return)</action>
	</shortcut>
	<shortcut>
		<defaultID>settings</defaultID>
		<label>10004</label>
		<label2>Common Shortcut</label2>
		<icon>special://skin/extras/icons/settings.png</icon>
		<thumb>special://skin/extras/icons/1SET.png</thumb>
		<action>ActivateWindow(Settings)</action>
	</shortcut>
	<shortcut>
		<defaultID />
		<label>יציאה</label>
		<label2>פריטים מותאמים אישית</label2>
		<icon>DefaultShortcut.png</icon>
		<thumb>special://skin/extras/icons/1PWR.png</thumb>
		<action>Quit</action>
	</shortcut>
	<shortcut>
		<defaultID>power</defaultID>
		<label>13012</label>
		<label2>Common Shortcut</label2>
		<icon>DefaultShortcut.png</icon>
		<thumb>special://home/addons/skin.phenomenal/extras/icons/keys.png</thumb>
		<action>ActivateWindow(shutdownmenu)</action>
		<visible>Skin.HasSetting(Home_Horizontal)</visible>
	</shortcut>
</shortcuts>
