<?xml version='1.0' encoding='UTF-8'?>
<shortcuts>
	<shortcut>
		<defaultID>plugin.video.youtube/channel/UC-9-kyTW8ZkZNDHQJ6FgpwQ/playlist/PLFgquLnL59alCl_2TQvOiD5Vgm1hCaGSI/</defaultID>
		<label>Popular Music Videos</label>
		<label2>Favourite</label2>
		<icon>DefaultFolder.png</icon>
		<thumb>https://i.ytimg.com/vi/PT2_F-1esPk/mqdefault.jpg</thumb>
		<action>ActivateWindow(10025,"plugin://plugin.video.youtube/channel/UC-9-kyTW8ZkZNDHQJ6FgpwQ/playlist/PLFgquLnL59alCl_2TQvOiD5Vgm1hCaGSI/",return)</action>
	</shortcut>
	<shortcut>
		<defaultID>plugin.audio.jango</defaultID>
		<label>Jango</label>
		<label2>Music Add-On</label2>
		<icon>DefaultShortcut.png</icon>
		<thumb>special://home/addons/plugin.audio.jango/icon.png</thumb>
		<action>ActivateWindow(Music,"plugin://plugin.audio.jango",return)</action>
	</shortcut>
	<shortcut>
		<defaultID>plugin.video.metalliq/music</defaultID>
		<label>MetalliQ</label>
		<label2>Music Add-On</label2>
		<icon>DefaultShortcut.png</icon>
		<thumb>special://home/addons/plugin.video.metalliq/icon.png</thumb>
		<action>ActivateWindow(Music,"plugin://plugin.video.metalliq/music",return)</action>
	</shortcut>
	<shortcut>
		<defaultID>plugin.video.YouMusic</defaultID>
		<label>YouMusic</label>
		<label2>Video Add-On</label2>
		<icon>DefaultShortcut.png</icon>
		<thumb>special://home/addons/plugin.video.YouMusic/icon.png</thumb>
		<action>ActivateWindow(Videos,"plugin://plugin.video.YouMusic",return)</action>
	</shortcut>
	<shortcut>
		<defaultID />
		<label>cCloud</label>
		<label2>Video Add-On</label2>
		<icon>DefaultShortcut.png</icon>
		<thumb>special://home/addons/plugin.video.ccloudtv/resources/icons/music.png</thumb>
		<action>ActivateWindow(Videos,"plugin://plugin.video.ccloudtv/?url=music&amp;mode=58&amp;name=%5BCOLOR+white%5DMusic%5B%2FCOLOR%5D&amp;iconimage=special://home/addons/plugin.video.ccloudtv/resources%2Ficons%2F%2Fmusic.png",return)</action>
	</shortcut>
	<shortcut>
		<defaultID />
		<label>UK Turk Radio</label>
		<label2>Video Add-On</label2>
		<icon>DefaultShortcut.png</icon>
		<thumb>special://home/addons/plugin.video.ukturk/icon.png</thumb>
		<action>ActivateWindow(Videos,"plugin://plugin.video.ukturk/?url=http%3A%2F%2Fmetalkettle.co%2FUKTurk18022016%2Fradio%2FIndex.txt&amp;mode=1&amp;name=Radio&amp;iconimage=http%3A%2F%2Fmetalkettle.co%2FUKTurk18022016%2Fthumbs%2Fnew%2FUk%2520turk%2520thumbnails%2520radio.jpg&amp;description=",return)</action>
	</shortcut>
	<shortcut>
		<defaultID />
		<label>Cosmix Music</label>
		<label2>Video Add-On</label2>
		<icon>DefaultShortcut.png</icon>
		<thumb>image://http%3a%2f%2fcosmix.offshorepastebin.com%2fWeblinks%2ficons%2fmusic.png/</thumb>
		<action>ActivateWindow(Videos,"plugin://plugin.video.phstreams/?action=directory&amp;url=http%3A%2F%2Fbit.ly%2FMusic-Cosmix&amp;content=0",return)</action>
	</shortcut>
</shortcuts>
