<?xml version='1.0' encoding='UTF-8'?>
<shortcuts>
	<shortcut>
		<defaultID>cartoons</defaultID>
		<label>UK Turk Cartoons</label>
		<label2>Custom item</label2>
		<icon>DefaultFolder.png</icon>
		<thumb>special://home/addons/plugin.video.ukturk/icon.png</thumb>
		<action>ActivateWindow(Videos,"plugin://plugin.video.ukturk/?url=http%3A%2F%2Fukturk.offshorepastebin.com%2FUKTurk%2Fcartoons%2FIndex.txt&amp;mode=1&amp;name=Cartoons&amp;description=&amp;fanart=C%3A%5CUsers%5CAndy%5CAppData%5CRoaming%5CKodi%5Caddons%5Cplugin.video.ukturk%5Cfanart.jpg&amp;iconimage=http%3A%2F%2Fukturk.offshorepastebin.com%2FUKTurk%2Fthumbs%2Fnew%2FUk%2520turk%2520thumbnails%2520cartoons.jpg",return)</action>
	</shortcut>
	<shortcut>
		<defaultID>plugin.video.cartoons8</defaultID>
		<label>Cartoons8</label>
		<label2>Custom item</label2>
		<icon>DefaultShortcut.png</icon>
		<thumb>special://home/addons/plugin.video.cartoons8\icon.png</thumb>
		<action>ActivateWindow(Videos,"plugin://plugin.video.cartoons8/?url=url&amp;mode=9&amp;name=Cartoons&amp;iconimage=C%3A%5CUsers%5CAndy%5CAppData%5CRoaming%5CKodi%5Caddons%5Cplugin.video.cartoons8%5Ccartoon.png&amp;description=",return)</action>
	</shortcut>
	<shortcut>
		<defaultID />
		<label>Bob's Kids</label>
		<label2>Video Add-On</label2>
		<icon>DefaultShortcut.png</icon>
		<thumb>image://http%3a%2f%2fnorestrictions.club%2fnorestrictions.club%2fblue%2ficons%2fBob%2fbobkids.jpg/</thumb>
		<action>ActivateWindow(Videos,"plugin://plugin.video.bob/?action=directory&amp;url=http%3A%2F%2Fnorestrictions.club%2Fnorestrictions.club%2Fmain%2Fkidsmain.xml&amp;content=0",return)</action>
	</shortcut>
	<shortcut>
		<defaultID />
		<label>Phoenix Kids</label>
		<label2>Video Add-On</label2>
		<icon>DefaultShortcut.png</icon>
		<thumb>image://http%3a%2f%2fphoenixtv.offshorepastebin.com%2fart%2fmain%2fnewmain%2fphoenixkids.png/</thumb>
		<action>ActivateWindow(Videos,"plugin://plugin.video.phstreams/?action=xdirectory&amp;url=%24doregex%5Bdir%5D%7Cregex%3D210ba0462fbf08ff2405165cd2a74610&amp;content=addons",return)</action>
	</shortcut>
	<shortcut>
		<defaultID>plugin.video.toonmania</defaultID>
		<label>ToonMania</label>
		<label2>Video Add-On</label2>
		<icon>DefaultShortcut.png</icon>
		<thumb>special://home/addons/plugin.video.toonmania\icon.png</thumb>
		<action>ActivateWindow(10025,"plugin://plugin.video.toonmania",return)</action>
	</shortcut>
	<shortcut>
		<defaultID>plugin.video.toonjet</defaultID>
		<label>Toonjet</label>
		<label2>Video Add-On</label2>
		<icon>DefaultShortcut.png</icon>
		<thumb>special://home/addons/plugin.video.toonjet\icon.png</thumb>
		<action>ActivateWindow(10025,"plugin://plugin.video.toonjet",return)</action>
	</shortcut>
	<shortcut>
		<defaultID />
		<label>Disney Channel</label>
		<label2>Custom item</label2>
		<icon>DefaultShortcut.png</icon>
		<thumb>special://home/backgrounds/Misc/disneyicon.png</thumb>
		<action>ActivateWindow(Videos,"plugin://plugin.video.exodus/?action=tvshows&amp;url=http%3A%2F%2Fwww.tvmaze.com%2Fnetworks%2F78%2Fdisney-channel",return)</action>
	</shortcut>
	<shortcut>
		<defaultID />
		<label>Disney XD</label>
		<label2>Custom item</label2>
		<icon>DefaultShortcut.png</icon>
		<thumb>special://home/backgrounds/Misc/disneyxd.jpg</thumb>
		<action>ActivateWindow(Videos,"plugin://plugin.video.exodus/?action=tvshows&amp;url=http%3A%2F%2Fwww.tvmaze.com%2Fnetworks%2F25%2Fdisney-xd",return)</action>
	</shortcut>
	<shortcut>
		<defaultID />
		<label>Nickelodeon</label>
		<label2>Custom item</label2>
		<icon>DefaultShortcut.png</icon>
		<thumb>special://home/backgrounds/Misc/nickelodeonicon.png</thumb>
		<action>ActivateWindow(Videos,"plugin://plugin.video.exodus/?action=tvshows&amp;url=http%3A%2F%2Fwww.tvmaze.com%2Fnetworks%2F27%2Fnickelodeon",return)</action>
	</shortcut>
	<shortcut>
		<defaultID />
		<label>Cartoon Network</label>
		<label2>Custom item</label2>
		<icon>DefaultShortcut.png</icon>
		<thumb>special://home/backgrounds/Misc/cartoonnetworkicon.png</thumb>
		<action>ActivateWindow(Videos,"plugin://plugin.video.exodus/?action=tvshows&amp;url=http%3A%2F%2Fwww.tvmaze.com%2Fnetworks%2F11%2Fcartoon-network",return)</action>
	</shortcut>
</shortcuts>
