<?xml version='1.0' encoding='UTF-8'?>
<shortcuts>
	<shortcut>
		<defaultID />
		<label>Exodus</label>
		<label2>Video Add-On</label2>
		<icon>DefaultShortcut.png</icon>
		<thumb>special://home/addons/plugin.video.exodus\icon.png</thumb>
		<action>ActivateWindow(VideoLibrary,"plugin://plugin.video.exodus/?action=tvNavigator",return)</action>
	</shortcut>
	<shortcut>
		<defaultID />
		<label>Zen</label>
		<label2>Video Add-On</label2>
		<icon>DefaultShortcut.png</icon>
		<thumb>image://C%3a%5cUsers%5cAndy%5cAppData%5cRoaming%5cKodi%5caddons%5cscript.zen.artwork%5cresources%5cmedia%5czen%5cchannels.png/</thumb>
		<action>ActivateWindow(Videos,"plugin://plugin.video.zen/?action=tvNavigator",return)</action>
	</shortcut>
	<shortcut>
		<defaultID />
		<label>SALTS</label>
		<label2>Video Add-On</label2>
		<icon>DefaultShortcut.png</icon>
		<thumb>special://home/addons/plugin.video.salts\icon.png</thumb>
		<action>ActivateWindow(VideoLibrary,"plugin://plugin.video.salts/?section=TV&amp;mode=browse",return)</action>
	</shortcut>
	<shortcut>
		<defaultID />
		<label>Specto</label>
		<label2>Video Add-On</label2>
		<icon>DefaultShortcut.png</icon>
		<thumb>special://home/addons/plugin.video.specto\icon.png</thumb>
		<action>ActivateWindow(VideoLibrary,"plugin://plugin.video.specto/?action=tvNavigator",return)</action>
	</shortcut>
	<shortcut>
		<defaultID />
		<label>ELYSIUM</label>
		<label2>פריטים מותאמים אישית</label2>
		<icon>DefaultShortcut.png</icon>
		<thumb>special://skin/extras/icons/addons2.png</thumb>
		<action>ActivateWindow(Videos,"plugin://plugin.video.elysium/?action=tvNavigator",return)</action>
	</shortcut>
	<shortcut>
		<defaultID />
		<label>1Channel</label>
		<label2>Video Add-On</label2>
		<icon>DefaultShortcut.png</icon>
		<thumb>special://home/addons/plugin.video.1channel\icon.png</thumb>
		<action>ActivateWindow(VideoLibrary,"plugin://plugin.video.1channel/?section=tv&amp;mode=BrowseListMenu",return)</action>
	</shortcut>
	<shortcut>
		<defaultID>plugin.video.metalliq/tv</defaultID>
		<label>MetalliQ</label>
		<label2>Video Add-On</label2>
		<icon>DefaultShortcut.png</icon>
		<thumb>special://home/addons/plugin.video.metalliq/icon.png</thumb>
		<action>ActivateWindow(Videos,"plugin://plugin.video.metalliq/tv",return)</action>
	</shortcut>
	<shortcut>
		<defaultID>tvshows</defaultID>
		<label>Library</label>
		<label2>Common menu item</label2>
		<icon>DefaultTVShows.png</icon>
		<thumb />
		<action>ActivateWindow(Videos,videodb://tvshows/titles/,return)</action>
	</shortcut>
</shortcuts>
