<?xml version='1.0' encoding='UTF-8'?>
<shortcuts>
	<shortcut>
		<defaultID>7</defaultID>
		<label>7</label>
		<label2>Common menu item</label2>
		<icon>DefaultShortcut.png</icon>
		<thumb />
		<action>ActivateWindow(FileManager)</action>
	</shortcut>
	<shortcut>
		<defaultID>clearcache</defaultID>
		<label>ניקוי קאש</label>
		<label2>Favourite</label2>
		<icon>DefaultFolder.png</icon>
		<thumb>special://home/addons/plugin.program.kodimasterwizard\icon.png</thumb>
		<action>PlayMedia("plugin://plugin.program.kodimasterwizard/?mode=clearcache",return)</action>
	</shortcut>
	<shortcut>
		<defaultID>clearpackages</defaultID>
		<label>נקה חבילות</label>
		<label2>Favourite</label2>
		<icon>DefaultFolder.png</icon>
		<thumb>special://home/addons/plugin.program.kodimasterwizard\icon.png</thumb>
		<action>PlayMedia("plugin://plugin.program.kodimasterwizard/?mode=clearpackages",return)</action>
	</shortcut>
	<shortcut>
		<defaultID>clearthumbnails</defaultID>
		<label>נקה תמונות ממוזערות</label>
		<label2>Favourite</label2>
		<icon>DefaultFolder.png</icon>
		<thumb>special://home/addons/plugin.program.kodimasterwizard\icon.png</thumb>
		<action>PlayMedia("plugin://plugin.program.kodimasterwizard/?mode=clearthumb",return)</action>
	</shortcut>
	<shortcut>
		<defaultID>744</defaultID>
		<label>744</label>
		<label2>item</label2>
		<icon>DefaultFolder.png</icon>
		<thumb />
		<action>ActivateWindow(Videos,sources://video,return)</action>
	</shortcut>
	<shortcut>
		<defaultID>10007</defaultID>
		<label>10007</label>
		<label2>Common menu item</label2>
		<icon>special://skin/extras/icons/sysinfo.png</icon>
		<thumb />
		<action>ActivateWindow(SystemInfo)</action>
	</shortcut>
</shortcuts>
