<?xml version='1.0' encoding='UTF-8'?>
<shortcuts>
	<shortcut>
		<defaultID />
		<label>Jango Music</label>
		<label2>פריטים מותאמים אישית</label2>
		<icon>DefaultShortcut.png</icon>
		<thumb>special://skin/extras/icons/audiogenre.png</thumb>
		<action>ActivateWindow(Music,"plugin://plugin.audio.jango",return)</action>
	</shortcut>
	<shortcut>
		<defaultID />
		<label>Mp3 Stream</label>
		<label2>פריטים מותאמים אישית</label2>
		<icon>DefaultShortcut.png</icon>
		<thumb>special://skin/extras/icons/music.png</thumb>
		<action>ActivateWindow(Music,"plugin://plugin.audio.mp3streams",return)</action>
	</shortcut>
	<shortcut>
		<defaultID />
		<label>Metalliq Music</label>
		<label2>פריטים מותאמים אישית</label2>
		<icon>DefaultShortcut.png</icon>
		<thumb>special://skin/extras/icons/songs.png</thumb>
		<action>ActivateWindow(Music,"plugin://plugin.video.metalliq/music",return)</action>
	</shortcut>
	<shortcut>
		<defaultID />
		<label>Now Music</label>
		<label2>פריטים מותאמים אישית</label2>
		<icon>DefaultShortcut.png</icon>
		<thumb>special://skin/extras/icons/audiogenre.png</thumb>
		<action>ActivateWindow(Videos,"plugin://plugin.video.now_music",return)</action>
	</shortcut>
	<shortcut>
		<defaultID />
		<label>The Music Source</label>
		<label2>פריטים מותאמים אישית</label2>
		<icon>DefaultShortcut.png</icon>
		<thumb>special://skin/extras/icons/cd.png</thumb>
		<action>ActivateWindow(Videos,"plugin://plugin.video.themusicsource",return)</action>
	</shortcut>
	<shortcut>
		<defaultID />
		<label>Vevo Music</label>
		<label2>פריטים מותאמים אישית</label2>
		<icon>DefaultShortcut.png</icon>
		<thumb>special://skin/extras/icons/vevo.png</thumb>
		<action>ActivateWindow(Videos,"plugin://plugin.video.yt-vevo",return)</action>
	</shortcut>
	<shortcut>
		<defaultID />
		<label>kmusic עולם/ישראלי</label>
		<label2>פריטים מותאמים אישית</label2>
		<icon>DefaultShortcut.png</icon>
		<thumb>special://skin/extras/icons/song.png</thumb>
		<action>ActivateWindow(Music,"plugin://plugin.video.kmusictube",return)</action>
	</shortcut>
</shortcuts>
