<?xml version='1.0' encoding='UTF-8'?>
<shortcuts>
	<shortcut>
		<defaultID />
		<label>COVENANT -סרטים</label>
		<label2>פריטים מותאמים אישית</label2>
		<icon>DefaultShortcut.png</icon>
		<thumb>special://skin/extras/icons/diamond.png</thumb>
		<action>ActivateWindow(Videos,"plugin://plugin.video.covenant/?action=movieNavigator",return)</action>
	</shortcut>
	<shortcut>
		<defaultID />
		<label>Elysium סרטים</label>
		<label2>הרחבת וידאו</label2>
		<icon>DefaultShortcut.png</icon>
		<thumb>special://skin/extras/icons/director.png</thumb>
		<action>ActivateWindow(Videos,"plugin://plugin.video.elysium/?action=movieNavigator",return)</action>
	</shortcut>
	<shortcut>
		<defaultID />
		<label>סרטים Specto</label>
		<label2>הרחבת וידאו</label2>
		<icon>DefaultShortcut.png</icon>
		<thumb>special://skin/extras/icons/songza.png</thumb>
		<action>ActivateWindow(Videos,"plugin://plugin.video.specto/?action=movieNavigator",return)</action>
	</shortcut>
	<shortcut>
		<defaultID />
		<label>מטאליק</label>
		<label2>פריטים מותאמים אישית</label2>
		<icon>DefaultShortcut.png</icon>
		<thumb>special://skin/extras/icons/grooveshark.png</thumb>
		<action>ActivateWindow(Videos,"plugin://plugin.video.metalliq/movies",return)</action>
	</shortcut>
	<shortcut>
		<defaultID />
		<label>Genesis Reborn סרטים</label>
		<label2>הרחבת וידאו</label2>
		<icon>DefaultShortcut.png</icon>
		<thumb>special://skin/extras/icons/genesis.png</thumb>
		<action>ActivateWindow(Videos,"plugin://plugin.video.genesisreborn/?action=movieNavigator",return)</action>
	</shortcut>
	<shortcut>
		<defaultID />
		<label>Exodus סרטים</label>
		<label2>הרחבת וידאו</label2>
		<icon>DefaultShortcut.png</icon>
		<thumb>special://skin/extras/icons/Exodus.png</thumb>
		<action>ActivateWindow(Videos,"plugin://plugin.video.exodus/?action=movieNavigator",return)</action>
	</shortcut>
	<shortcut>
		<defaultID />
		<label>My Bob</label>
		<label2>פריטים מותאמים אישית</label2>
		<icon>DefaultShortcut.png</icon>
		<thumb>special://skin/extras/icons/world.png</thumb>
		<action>ActivateWindow(Videos,"plugin://plugin.video.bob",return)</action>
	</shortcut>
	<shortcut>
		<defaultID />
		<label>סרטים ShowBox </label>
		<label2>הרחבת וידאו</label2>
		<icon>DefaultShortcut.png</icon>
		<thumb>special://skin/extras/icons/multidown.png</thumb>
		<action>ActivateWindow(Videos,"plugin://plugin.video.showboxarize/?action=movieNavigator",return)</action>
	</shortcut>
	<shortcut>
		<defaultID>plugin.video.dandymedia</defaultID>
		<label>DandyMedia</label>
		<label2>הרחבת וידאו</label2>
		<icon>DefaultShortcut.png</icon>
		<thumb>special://skin/extras/icons/4k.png</thumb>
		<action>ActivateWindow(Videos,"plugin://plugin.video.dandymedia",return)</action>
	</shortcut>
	<shortcut>
		<defaultID>plugin.video.dandyboxset</defaultID>
		<label>DandyMedia Boxsets</label>
		<label2>הרחבת וידאו</label2>
		<icon>DefaultShortcut.png</icon>
		<thumb>special://skin/extras/icons/bake.png</thumb>
		<action>ActivateWindow(Videos,"plugin://plugin.video.dandyboxset",return)</action>
	</shortcut>
</shortcuts>
