<?xml version='1.0' encoding='UTF-8'?>
<shortcuts>
	<shortcut>
		<defaultID />
		<label>סדרות- COVENANT</label>
		<label2>פריטים מותאמים אישית</label2>
		<icon>DefaultShortcut.png</icon>
		<thumb>special://skin/extras/icons/diamond.png</thumb>
		<action>ActivateWindow(Videos,"plugin://plugin.video.covenant/?action=tvNavigator",return)</action>
	</shortcut>
	<shortcut>
		<defaultID />
		<label>אליסיום</label>
		<label2>פריטים מותאמים אישית</label2>
		<icon>DefaultShortcut.png</icon>
		<thumb />
		<action>ActivateWindow(Videos,"plugin://plugin.video.elysium/?action=tvNavigator",return)</action>
	</shortcut>
	<shortcut>
		<defaultID />
		<label>MetallQ</label>
		<label2>פריטים מותאמים אישית</label2>
		<icon>DefaultShortcut.png</icon>
		<thumb>special://skin/extras/icons/kodi2.png</thumb>
		<action>ActivateWindow(Videos,"plugin://plugin.video.metalliq/tv/tmdb/most_popular/1",return)</action>
	</shortcut>
	<shortcut>
		<defaultID />
		<label>ספקטו </label>
		<label2>פריטים מותאמים אישית</label2>
		<icon>DefaultShortcut.png</icon>
		<thumb>special://skin/extras/icons/skype.png</thumb>
		<action>ActivateWindow(Videos,"plugin://plugin.video.specto/?action=tvNavigator",return)</action>
	</shortcut>
	<shortcut>
		<defaultID />
		<label>אקסודוס</label>
		<label2>פריטים מותאמים אישית</label2>
		<icon>DefaultShortcut.png</icon>
		<thumb>special://skin/extras/icons/Exodus.png</thumb>
		<action>ActivateWindow(Videos,"plugin://plugin.video.exodus/?action=tvNavigator",return)</action>
	</shortcut>
	<shortcut>
		<defaultID />
		<label>ג'נסיס ריבורן</label>
		<label2>פריטים מותאמים אישית</label2>
		<icon>DefaultShortcut.png</icon>
		<thumb>special://skin/extras/icons/diamond.png</thumb>
		<action>ActivateWindow(Videos,"plugin://plugin.video.genesisreborn/?action=tvNavigator",return)</action>
	</shortcut>
	<shortcut>
		<defaultID />
		<label>Dandy Media</label>
		<label2>פריטים מותאמים אישית</label2>
		<icon>DefaultShortcut.png</icon>
		<thumb>special://skin/extras/icons/bake.png</thumb>
		<action>ActivateWindow(Videos,"plugin://plugin.video.dandymedia/?url=http%3A%2F%2Fflixyseries.com%2Fseries%2F&amp;mode=20&amp;name=%5BB%5D%5BCOLOR+white%5DPopular+TV+SHOWS%5B%2FCOLOR%5D%5B%2FB%5D&amp;iconimage=C%3A%5CUsers%5Cyigal%5CAppData%5CRoaming%5CKodi%5Caddons%5Cplugin.video.dandymedia%2Fresources%2Ficons%2Ftv_pop.jpg&amp;description=",return)</action>
	</shortcut>
	<shortcut>
		<defaultID />
		<label>ShowBox</label>
		<label2>פריטים מותאמים אישית</label2>
		<icon>DefaultShortcut.png</icon>
		<thumb>special://skin/extras/icons/songza.png</thumb>
		<action>ActivateWindow(Videos,"plugin://plugin.video.showboxarize/?action=tvNavigator",return)</action>
	</shortcut>
</shortcuts>
