<?xml version='1.0' encoding='UTF-8'?>
<shortcuts>
	<shortcut>
		<defaultID />
		<label>סרטים ישראלים</label>
		<label2>פריטים מותאמים אישית</label2>
		<icon>DefaultShortcut.png</icon>
		<thumb>special://skin/extras/icons/israel_movies.png</thumb>
		<action>ActivateWindow(Videos,"plugin://plugin.video.reshet.ebs.video",return)</action>
	</shortcut>
	<shortcut>
		<defaultID />
		<label>סרטים מתורגמים</label>
		<label2>הרחבת וידאו</label2>
		<icon>DefaultShortcut.png</icon>
		<thumb>special://skin/extras/icons/download.png</thumb>
		<action>ActivateWindow(Videos,"plugin://plugin.video.seretil/?url=http%3A%2F%2Fhinami.me%2Fcategory%2F%25D7%25A1%25D7%25A8%25D7%2598%25D7%2599%25D7%259D-%25D7%259E%25D7%25AA%25D7%2595%25D7%25A8%25D7%2592%25D7%259E%25D7%2599%25D7%259D%2F&amp;mode=4&amp;name=%D7%9E%D7%AA%D7%95%D7%A8%D7%92%D7%9E%D7%99%D7%9D&amp;iconimage=http%3A%2F%2Fwww.quirindiroyaltheatre.com%2Fwp-content%2Fuploads%2F2015%2F11%2Fmovies-5.png&amp;desc=",return)</action>
	</shortcut>
	<shortcut>
		<defaultID />
		<label>סדרות- ישראלי</label>
		<label2>פריטים מותאמים אישית</label2>
		<icon>DefaultShortcut.png</icon>
		<thumb>special://skin/extras/icons/cellcomtv.png</thumb>
		<action>ActivateWindow(Videos,"plugin://plugin.video.sdarot.tv",return)</action>
	</shortcut>
	<shortcut>
		<defaultID />
		<label>מוביקס- ישראלי</label>
		<label2>פריטים מותאמים אישית</label2>
		<icon>DefaultShortcut.png</icon>
		<thumb>special://skin/extras/icons/bake.png</thumb>
		<action>ActivateWindow(Videos,"plugin://plugin.video.movixws/?url=http%3A%2F%2Fwww.movix.me%2Fgenres%2Fisraeli&amp;mode=2&amp;name=Israeli+-+%D7%99%D7%A9%D7%A8%D7%90%D7%9C%D7%99&amp;iconimage=http%3A%2F%2Fupload.wikimedia.org%2Fwikipedia%2Fcommons%2Fthumb%2Fd%2Fd4%2FFlag_of_Israel.svg%2F250px-Flag_of_Israel.svg.png&amp;description=&amp;isprem=False",return)</action>
	</shortcut>
	<shortcut>
		<defaultID />
		<label>מולטידאון</label>
		<label2>פריטים מותאמים אישית</label2>
		<icon>DefaultShortcut.png</icon>
		<thumb>special://skin/extras/icons/Premium.png</thumb>
		<action>ActivateWindow(Videos,"plugin://plugin.video.multidown",return)</action>
	</shortcut>
	<shortcut>
		<defaultID />
		<label>חדשות ערוץ 2</label>
		<label2>פריטים מותאמים אישית</label2>
		<icon>DefaultShortcut.png</icon>
		<thumb>special://skin/extras/icons/channel2.png</thumb>
		<action>ActivateWindow(Videos,"plugin://plugin.video.MakoTV/?url=2017&amp;mode=11&amp;name=%D7%97%D7%93%D7%A9%D7%95%D7%AA+2+%D7%9C%D7%A9%D7%A0%D7%AA+2017&amp;iconimage=http://www.orian.com/_uploads/imagesgallery/logo.bmp",return)</action>
	</shortcut>
	<shortcut>
		<defaultID />
		<label>רשת</label>
		<label2>פריטים מותאמים אישית</label2>
		<icon>DefaultShortcut.png</icon>
		<thumb>special://skin/extras/icons/recentlyadded.png</thumb>
		<action>ActivateWindow(Videos,"plugin://plugin.video.reshet.ebs.video",return)</action>
	</shortcut>
	<shortcut>
		<defaultID />
		<label>מאקו-ראשי</label>
		<label2>פריטים מותאמים אישית</label2>
		<icon>DefaultShortcut.png</icon>
		<thumb>special://skin/extras/icons/actor.png</thumb>
		<action>ActivateWindow(Videos,"plugin://plugin.video.MakoTV",return)</action>
	</shortcut>
	<shortcut>
		<defaultID />
		<label>HOT VOD</label>
		<label2>פריטים מותאמים אישית</label2>
		<icon>DefaultShortcut.png</icon>
		<thumb>special://skin/extras/icons/hot.png</thumb>
		<action>ActivateWindow(Videos,"plugin://plugin.video.hotVOD.video/?url=http%3A%2F%2Fhot.ynet.co.il%2Fhome%2F0%2C7340%2CL-7250%2C00.html&amp;mode=5&amp;name=ראשי",return)</action>
	</shortcut>
	<shortcut>
		<defaultID />
		<label>HOT -בידור ישראלי</label>
		<label2>פריטים מותאמים אישית</label2>
		<icon>DefaultShortcut.png</icon>
		<thumb>special://skin/extras/icons/infinity.png</thumb>
		<action>ActivateWindow(Videos,"plugin://plugin.video.hotVOD.video/?url=http%3A%2F%2Fhot.ynet.co.il%2Fhome%2F0%2C7340%2CL-7261%2C00.html&amp;mode=5&amp;name=הוט בידור ישראלי",return)</action>
	</shortcut>
	<shortcut>
		<defaultID />
		<label>סטנדאפ ישראל</label>
		<label2>פריטים מותאמים אישית</label2>
		<icon>DefaultShortcut.png</icon>
		<thumb>special://skin/extras/icons/enabled.png</thumb>
		<action>ActivateWindow(Videos,"plugin://plugin.video.kodisraelstandup",return)</action>
	</shortcut>
</shortcuts>
