<?xml version='1.0' encoding='UTF-8'?>
<shortcuts>
	<shortcut>
		<defaultID />
		<label>ילדים</label>
		<label2>הרחבת וידאו</label2>
		<icon>DefaultShortcut.png</icon>
		<thumb>special://skin/extras/icons/rocket.png</thumb>
		<action>ActivateWindow(Videos,"plugin://plugin.video.sdarot.tv/?url=all-heb&amp;mode=2&amp;name=ילדים&amp;summary=&amp;module=https%3A%2F%2Fwww.sdarot.live%2Fseries%2Fgenre%2F38-%D7%99%D7%9C%D7%93%D7%99%D7%9D",return)</action>
	</shortcut>
	<shortcut>
		<defaultID />
		<label>הוט-נוער</label>
		<label2>פריטים מותאמים אישית</label2>
		<icon>DefaultShortcut.png</icon>
		<thumb>special://skin/extras/icons/hot.png</thumb>
		<action>ActivateWindow(Videos,"plugin://plugin.video.hotVOD.video/?url=http%3A%2F%2Fhot.ynet.co.il%2Fhome%2F0%2C7340%2CL-7449%2C00.html&amp;mode=5&amp;name=HOT VOD YOUNG",return)</action>
	</shortcut>
	<shortcut>
		<defaultID />
		<label>סרטים מדובבים</label>
		<label2>פריטים מותאמים אישית</label2>
		<icon>DefaultShortcut.png</icon>
		<thumb>special://skin/extras/icons/bob_sfog1.png</thumb>
		<action>ActivateWindow(Videos,"plugin://plugin.video.multidown/?action=showposts&amp;title=%D7%9E%D7%93%D7%95%D7%91%D7%91&amp;url=http%3A%2F%2Fwww.multidown.me%2Fcategory%2F%25d7%25a1%25d7%25a8%25d7%2598%25d7%2599%25d7%259d-%25d7%259c%25d7%2594%25d7%2595%25d7%25a8%25d7%2593%25d7%2594-%25d7%2595%25d7%259c%25d7%25a6%25d7%25a4%25d7%2599%25d7%2599%25d7%2594-%25d7%2599%25d7%25a9%25d7%2599%25d7%25a8%25d7%2594%2Fdubbed%2F&amp;thumbnail=C%3A%5CUsers%5Coren7%5CAppData%5CRoaming%5CKodi%5Caddons%5Cplugin.video.multidown%5Cresources%5CHebDub.png&amp;extra=&amp;page=",return)</action>
	</shortcut>
	<shortcut>
		<defaultID />
		<label>סרטים מדובבים 2</label>
		<label2>פריטים מותאמים אישית</label2>
		<icon>DefaultShortcut.png</icon>
		<thumb>special://skin/extras/icons/paintbucket3.png</thumb>
		<action>ActivateWindow(Videos,"plugin://plugin.video.movixws/?url=http%3A%2F%2Fwww.movix.me%2Fsearch_movies%3Fq%3D%25D7%259E%25D7%2593%25D7%2595%25D7%2591%25D7%2591%26sb%3D%26year%3D&amp;mode=2&amp;name=Dubbed+-+%D7%9E%D7%93%D7%95%D7%91%D7%91%D7%99%D7%9D&amp;iconimage=http%3A%2F%2Fwww.afaqs.com%2Fall%2Fnews%2Fimages%2Fnews_story_grfx%2F2015%2F45297_1_home_big.jpg&amp;description=&amp;isprem=False",return)</action>
	</shortcut>
	<shortcut>
		<defaultID />
		<label>תענוג לילדים</label>
		<label2>פריטים מותאמים אישית</label2>
		<icon>DefaultShortcut.png</icon>
		<thumb>special://skin/extras/icons/donald_duck.png</thumb>
		<action>ActivateWindow(Videos,"plugin://plugin.video.Ebs4_Kids_Tv",return)</action>
	</shortcut>
	<shortcut>
		<defaultID />
		<label>בייבי טיוי</label>
		<label2>פריטים מותאמים אישית</label2>
		<icon>DefaultShortcut.png</icon>
		<thumb>special://skin/extras/icons/Baby.png</thumb>
		<action>ActivateWindow(Videos,"plugin://plugin.video.baby",return)</action>
	</shortcut>
	<shortcut>
		<defaultID />
		<label>תוכניות לילדים</label>
		<label2>פריטים מותאמים אישית</label2>
		<icon>DefaultShortcut.png</icon>
		<thumb>special://skin/extras/icons/rocket2.png</thumb>
		<action>ActivateWindow(Videos,"plugin://plugin.video.MakoTV/?url=http%3A%2F%2Fwww.mako.co.il%2Fmako-vod-kids&amp;mode=0&amp;name=%D7%AA%D7%9B%D7%A0%D7%99%D7%95%D7%AA+%D7%99%D7%9C%D7%93%D7%99%D7%9D&amp;iconimage=http://now.tufts.edu/sites/default/files/111116_kids_TV_illo_L.JPG",return)</action>
	</shortcut>
	<shortcut>
		<defaultID />
		<label>ילדודס</label>
		<label2>פריטים מותאמים אישית</label2>
		<icon>DefaultShortcut.png</icon>
		<thumb>special://skin/extras/icons/wand.png</thumb>
		<action>ActivateWindow(Videos,"plugin://plugin.video.kodisraelkids",return)</action>
	</shortcut>
	<shortcut>
		<defaultID>24001</defaultID>
		<label>Vod IL</label>
		<label2>פריטים מותאמים אישית</label2>
		<icon>special://skin/extras/icons/addons.png</icon>
		<thumb>special://skin/extras/icons/rocket.png</thumb>
		<action>ActivateWindow(Videos,"plugin://plugin.video.Vodil/?url=url&amp;mode=12&amp;name=%D7%99%D7%9C%D7%93%D7%99%D7%9D",return)</action>
	</shortcut>
	<shortcut>
		<defaultID>653</defaultID>
		<label>טונמניה</label>
		<label2>פריטים מותאמים אישית</label2>
		<icon>special://skin/extras/icons/update.png</icon>
		<thumb />
		<action>ActivateWindow(Videos,"plugin://plugin.video.toonmania/?url=http%3A%2F%2Fapi.animetoon.tv%2FGetAllCartoon&amp;mode=1&amp;name=All+Cartoons&amp;description=&amp;iconimage=C:\\Users\\yigal\\AppData\\Roaming\\Kodi\\addons\\plugin.video.toonmania\\icon.png",return)</action>
	</shortcut>
	<shortcut>
		<defaultID />
		<label>Super Cartoons - Studio</label>
		<label2>הרחבת וידאו</label2>
		<icon>DefaultShortcut.png</icon>
		<thumb>special://skin/extras/icons/tom-and-jerry.png</thumb>
		<action>ActivateWindow(Videos,"plugin://plugin.video.cartoons8/?url=http%3A%2F%2Fwww.supercartoons.net%2Fstudios%2F1&amp;mode=3&amp;name=Super+Cartoons+-+Studio&amp;iconimage=C%3A%5CUsers%5Cyigal%5CAppData%5CRoaming%5CKodi%5Caddons%5Cplugin.video.cartoons8%5Csuperc.png",return)</action>
	</shortcut>
</shortcuts>
