<?xml version='1.0' encoding='UTF-8'?>
<shortcuts>
	<shortcut>
		<defaultID>tvshows</defaultID>
		<label>ספורט  TV</label>
		<label2>פריטים מותאמים אישית</label2>
		<icon>special://skin/extras/icons/tv.png</icon>
		<thumb>special://skin/extras/icons/Premium.png</thumb>
		<action>ActivateWindow(Videos,"plugin://plugin.video.ZemTV-shani/?url=sss&amp;mode=82&amp;name=My+Sports",return)</action>
	</shortcut>
	<shortcut>
		<defaultID />
		<label>FILMON TV SPORT</label>
		<label2>פריטים מותאמים אישית</label2>
		<icon>DefaultShortcut.png</icon>
		<thumb>special://skin/extras/icons/diamond.png</thumb>
		<action>ActivateWindow(Videos,"plugin://plugin.video.SportsDevil/?mode=1&amp;item=url.tmp%3D%252Fgroup%252Fsports%26title%3DSPORTS%26url%3Dhttp%253A%252F%252Fwww.filmon.com%252Fgroup%252Fsports%26cfg%3Dfilmon.com.cfg%2540Channels%26definedIn%3Dcustoms%252Ffilmon.com.cfg%26director%3Dfilmon.com%26genre%3DLive%2BTV%26type%3Drss%26icon%3Dhttps%253A%252F%252Fstatic.filmon.com%252Fassets%252Fgroups%252F2%252Fbig_logo.png",return)</action>
	</shortcut>
	<shortcut>
		<defaultID />
		<label>CCLOUD TV SPORT</label>
		<label2>פריטים מותאמים אישית</label2>
		<icon>DefaultShortcut.png</icon>
		<thumb>special://skin/extras/icons/antenna.png</thumb>
		<action>ActivateWindow(Videos,"plugin://plugin.video.ccloudtv/?url=sports&amp;mode=52&amp;name=%5BCOLOR+white%5DSports%5B%2FCOLOR%5D&amp;iconimage=C%3A%5CUsers%5Cyigal%5CAppData%5CRoaming%5CKodi%5Caddons%5Cplugin.video.ccloudtv%5Cresources%2Ficons%2F%2Fsports.png",return)</action>
	</shortcut>
	<shortcut>
		<defaultID />
		<label>SPORT DEVIL SPORT</label>
		<label2>פריטים מותאמים אישית</label2>
		<icon>DefaultShortcut.png</icon>
		<thumb>special://skin/extras/icons/award.png</thumb>
		<action>ActivateWindow(Videos,"plugin://plugin.video.SportsDevil/?mode=1&amp;item=title%3DSports%2BTV%26url%3Dtv.cfg%26definedIn%3DmainMenu.cfg%26director%3DSportsDevil%26genre%3DTV%26type%3Drss%26icon%3DC%253A%255CUsers%255Cyigal%255CAppData%255CRoaming%255CKodi%255Caddons%255Cplugin.video.SportsDevil%255Cresources%255Cimages%255Cstation.png",return)</action>
	</shortcut>
	<shortcut>
		<defaultID />
		<label>PTV Sport</label>
		<label2>פריטים מותאמים אישית</label2>
		<icon>DefaultShortcut.png</icon>
		<thumb>special://skin/extras/icons/bookmark-star.png</thumb>
		<action>ActivateWindow(Videos,"plugin://plugin.video.ZemTV-shani/?url=sss&amp;mode=98&amp;name=PTV+Sports",return)</action>
	</shortcut>
	<shortcut>
		<defaultID />
		<label>אימון ביתי</label>
		<label2>פריטים מותאמים אישית</label2>
		<icon>DefaultShortcut.png</icon>
		<thumb>special://skin/extras/icons/Fitness.png</thumb>
		<action>ActivateWindow(Videos,"plugin://plugin.video.pulseworkout",return)</action>
	</shortcut>
	<shortcut>
		<defaultID />
		<label>FootBall Today</label>
		<label2>פריטים מותאמים אישית</label2>
		<icon>DefaultShortcut.png</icon>
		<thumb>special://skin/extras/icons/Footbal.png</thumb>
		<action>ActivateWindow(Videos,"plugin://plugin.video.football.today",return)</action>
	</shortcut>
</shortcuts>
