<?xml version='1.0' encoding='UTF-8'?>
<shortcuts>
	<shortcut>
		<defaultID />
		<label>טלוויזיה [עידן פלוס]</label>
		<label2>פריטים מותאמים אישית</label2>
		<icon>DefaultShortcut.png</icon>
		<thumb>special://skin/extras/icons/livetv2.png</thumb>
		<action>ActivateWindow(TVChannels)</action>
	</shortcut>
	<shortcut>
		<defaultID />
		<label>YOUTUBE</label>
		<label2>פריטים מותאמים אישית</label2>
		<icon>DefaultShortcut.png</icon>
		<thumb>special://skin/extras/icons/youtube.png</thumb>
		<action>ActivateWindow(Videos,"plugin://plugin.video.youtube",return)</action>
	</shortcut>
	<shortcut>
		<defaultID />
		<label>רדיו מקומי</label>
		<label2>פריטים מותאמים אישית</label2>
		<icon>DefaultShortcut.png</icon>
		<thumb>special://skin/extras/icons/audiogenre.png</thumb>
		<action>ActivateWindow(Music,"plugin://plugin.audio.tuneinradio/?c=local&amp;name=Local+Radio&amp;pivot=&amp;filter=&amp;offset=&amp;path=browse&amp;id=",return)</action>
	</shortcut>
	<shortcut>
		<defaultID />
		<label>רדיו- עולמי</label>
		<label2>פריטים מותאמים אישית</label2>
		<icon>DefaultShortcut.png</icon>
		<thumb>special://skin/extras/icons/hdd.png</thumb>
		<action>ActivateWindow(Music,"plugin://plugin.audio.tuneinradio/?c=music&amp;name=Music&amp;pivot=&amp;filter=&amp;offset=&amp;path=browse&amp;id=",return)</action>
	</shortcut>
	<shortcut>
		<defaultID />
		<label>The Tonight Show [Jimmy F]</label>
		<label2>פריטים מותאמים אישית</label2>
		<icon>DefaultShortcut.png</icon>
		<thumb>special://skin/extras/icons/The-Tonight-Show.png</thumb>
		<action>ActivateWindow(Videos,"plugin://plugin.video.elysium/?action=seasons&amp;tvshowtitle=The+Tonight+Show+Starring+Jimmy+Fallon&amp;year=2014&amp;imdb=tt3444938&amp;tvdb=270261&amp;tmdb=59941",return)</action>
	</shortcut>
	<shortcut>
		<defaultID />
		<label>ערוץ E!   [ארה"ב]</label>
		<label2>פריטים מותאמים אישית</label2>
		<icon>DefaultShortcut.png</icon>
		<thumb>special://skin/extras/icons/download.png</thumb>
		<action>ActivateWindow(Videos,"plugin://plugin.video.elysium/?action=tvshows&amp;url=http%3A%2F%2Fapi.themoviedb.org%2F3%2Fdiscover%2Ftv%3Fapi_key%3D7a05113def86da5e7093987eddd79b7a%26with_networks%3D76%7C407%7C645%26page%3D1",return)</action>
	</shortcut>
	<shortcut>
		<defaultID />
		<label>המופע של כריס רוק</label>
		<label2>פריטים מותאמים אישית</label2>
		<icon>DefaultShortcut.png</icon>
		<thumb>special://skin/extras/icons/artist.png</thumb>
		<action>ActivateWindow(Videos,"plugin://plugin.video.elysium/?action=seasons&amp;tvshowtitle=The+Chris+Rock+Show&amp;year=1997&amp;imdb=tt0118285&amp;tvdb=78787&amp;tmdb=6767",return)</action>
	</shortcut>
</shortcuts>
