<?xml version='1.0' encoding='UTF-8'?>
<shortcuts>
	<shortcut>
		<defaultID />
		<label>טלוויזיה [עידון+]</label>
		<label2>פריטים מותאמים אישית</label2>
		<icon>DefaultShortcut.png</icon>
		<thumb>special://skin/extras/icons/can.png</thumb>
		<action>ActivateWindow(TVChannels)</action>
	</shortcut>
	<shortcut>
		<defaultID />
		<label>רדיו מקומי</label>
		<label2>פריטים מותאמים אישית</label2>
		<icon>DefaultShortcut.png</icon>
		<thumb>special://skin/extras/icons/stream-music.png</thumb>
		<action>ActivateWindow(Music,"plugin://plugin.audio.tuneinradio/?c=local&amp;name=Local+Radio&amp;pivot=&amp;filter=&amp;offset=&amp;path=browse&amp;id=",return)</action>
	</shortcut>
</shortcuts>
