<shortcuts>
	<shortcut>
		<defaultID />
		<label>Movies</label>
		<label2>Custom item</label2>
		<icon>DefaultShortcut.png</icon>
		<thumb />
		<action>ActivateWindow(Videos,"plugin://plugin.video.bubbles/?action=movieNavigator&amp;type=movie&amp;kids=0",return)</action>
	</shortcut>
	<shortcut>
		<defaultID />
		<label>Shows</label>
		<label2>Custom item</label2>
		<icon>DefaultShortcut.png</icon>
		<thumb />
		<action>ActivateWindow(Videos,"plugin://plugin.video.bubbles/?action=tvNavigator&amp;type=show&amp;kids=0",return)</action>
	</shortcut>
	<shortcut>
		<defaultID />
		<label>Arrivals</label>
		<label2>Custom item</label2>
		<icon>DefaultShortcut.png</icon>
		<thumb />
		<action>ActivateWindow(Videos,"plugin://plugin.video.bubbles/?action=arrivalsNavigator&amp;kids=0",return)</action>
	</shortcut>
	<shortcut>
		<defaultID />
		<label>Search</label>
		<label2>Custom item</label2>
		<icon>DefaultShortcut.png</icon>
		<thumb />
		<action>ActivateWindow(Videos,"plugin://plugin.video.bubbles/?action=searchNavigator",return)</action>
	</shortcut>
	<shortcut>
		<defaultID />
		<label>Tools</label>
		<label2>Custom item</label2>
		<icon>DefaultShortcut.png</icon>
		<thumb />
		<action>ActivateWindow(Videos,"plugin://plugin.video.bubbles/?action=toolNavigator",return)</action>
	</shortcut>
</shortcuts>
