<?xml version='1.0' encoding='UTF-8'?>
<shortcuts>
	<shortcut>
		<defaultID>13016</defaultID>
		<label>כיבוי</label>
		<label2>Custom item</label2>
		<icon>DefaultShortcut.png</icon>
		<thumb />
		<action>Powerdown()</action>
	</shortcut>
	<shortcut>
		<defaultID>13013</defaultID>
		<label>13013</label>
		<label2 />
		<icon>DefaultShortcut.png</icon>
		<thumb />
		<action>Reset()</action>
	</shortcut>
	<shortcut>
		<defaultID>13009</defaultID>
		<label>13009</label>
		<label2 />
		<icon>DefaultShortcut.png</icon>
		<thumb />
		<action>Quit()</action>
	</shortcut>
	<shortcut>
		<defaultID>13011</defaultID>
		<label>13011</label>
		<label2 />
		<icon>DefaultShortcut.png</icon>
		<thumb />
		<action>Suspend()</action>
	</shortcut>
	<shortcut>
		<defaultID>13010</defaultID>
		<label>שומר מסך</label>
		<label2>Custom item</label2>
		<icon>DefaultShortcut.png</icon>
		<thumb />
		<action>ActivateScreensaver</action>
	</shortcut>
</shortcuts>
