<shortcuts>
	<shortcut>
		<defaultID>133</defaultID>
		<label>133</label>
		<label2 />
		<icon>DefaultShortcut.png</icon>
		<thumb />
		<action>ActivateWindow(Music,musicdb://artists/,return)</action>
	</shortcut>
	<shortcut>
		<defaultID>132</defaultID>
		<label>132</label>
		<label2 />
		<icon>DefaultShortcut.png</icon>
		<thumb />
		<action>ActivateWindow(Music,musicdb://albums/,return)</action>
	</shortcut>
	<shortcut>
		<defaultID>14022</defaultID>
		<label>Browse</label>
		<label2>Custom item</label2>
		<icon>DefaultShortcut.png</icon>
		<thumb />
		<action>ActivateWindow(Music,musicdb://)</action>
	</shortcut>
	<shortcut>
		<defaultID>744</defaultID>
		<label>744</label>
		<label2 />
		<icon>DefaultShortcut.png</icon>
		<thumb />
		<action>ActivateWindow(Music,sources://music/,return)</action>
	</shortcut>
	<shortcut>
		<defaultID>134</defaultID>
		<label>Addons</label>
		<label2>Custom item</label2>
		<icon>DefaultShortcut.png</icon>
		<thumb />
		<action>ActivateWindow(MusicLibrary,Addons,return)</action>
	</shortcut>
</shortcuts>
