<?xml version='1.0' encoding='UTF-8'?>
<shortcuts>
	<shortcut>
		<defaultID>power</defaultID>
		<label>הפעלה</label>
		<label2>פריטים מותאמים אישית</label2>
		<icon>special://skin/extras/iconssmall/Power.png</icon>
		<thumb>special://skin/extras/iconssmall/Power.png</thumb>
		<action>ActivateWindow(shutdownmenu)</action>
	</shortcut>
	<shortcut>
		<defaultID />
		<label>סרטים</label>
		<label2>פריטים מותאמים אישית</label2>
		<icon>DefaultShortcut.png</icon>
		<thumb />
		<action>ActivateWindow(Videos,"plugin://plugin.video.zen",return)</action>
	</shortcut>
	<shortcut>
		<defaultID>settings</defaultID>
		<label>מערכת</label>
		<label2>פריטים מותאמים אישית</label2>
		<icon>special://skin/extras/iconssmall/DefaultAddonService.png</icon>
		<thumb>special://skin/extras/iconssmall/DefaultAddonService.png</thumb>
		<action>ActivateWindow(Settings)</action>
	</shortcut>
	<shortcut>
		<defaultID />
		<label>סדרות</label>
		<label2>פריטים מותאמים אישית</label2>
		<icon>DefaultShortcut.png</icon>
		<thumb />
		<action>noop</action>
	</shortcut>
	<shortcut>
		<defaultID />
		<label>ילדודס</label>
		<label2>פריטים מותאמים אישית</label2>
		<icon>DefaultShortcut.png</icon>
		<thumb />
		<action>noop</action>
	</shortcut>
	<shortcut>
		<defaultID />
		<label>ספורט</label>
		<label2>פריטים מותאמים אישית</label2>
		<icon>DefaultShortcut.png</icon>
		<thumb />
		<action>noop</action>
	</shortcut>
	<shortcut>
		<defaultID />
		<label>טלוויזיה</label>
		<label2>פריטים מותאמים אישית</label2>
		<icon>DefaultShortcut.png</icon>
		<thumb />
		<action>noop</action>
	</shortcut>
	<shortcut>
		<defaultID />
		<label>מוזיקה</label>
		<label2>פריטים מותאמים אישית</label2>
		<icon>DefaultShortcut.png</icon>
		<thumb />
		<action>noop</action>
	</shortcut>
</shortcuts>
