<?xml version='1.0' encoding='UTF-8'?>
<shortcuts>
	<shortcut>
		<defaultID>16101</defaultID>
		<label>דנדי מדיה</label>
		<label2>פריטים מותאמים אישית</label2>
		<icon>DefaultShortcut.png</icon>
		<thumb />
		<action>ActivateWindow(Videos,"plugin://plugin.video.dandymedia",return)</action>
	</shortcut>
	<shortcut>
		<defaultID>recentlyaddedmovies</defaultID>
		<label>דנדי-אוספים</label>
		<label2>פריטים מותאמים אישית</label2>
		<icon>special://skin/extras/icons/DefaultFolder.png</icon>
		<thumb />
		<action>ActivateWindow(Videos,"plugin://plugin.video.dandyboxset",return)</action>
	</shortcut>
	<shortcut>
		<defaultID />
		<label>אליסיום</label>
		<label2>פריטים מותאמים אישית</label2>
		<icon>DefaultShortcut.png</icon>
		<thumb />
		<action>ActivateWindow(Videos,"plugin://plugin.video.elysium/?action=movieNavigator",return)</action>
	</shortcut>
	<shortcut>
		<defaultID>744</defaultID>
		<label>אקסודוס</label>
		<label2>פריטים מותאמים אישית</label2>
		<icon>special://skin/extras/icons/DefaultFolder.png</icon>
		<thumb />
		<action>ActivateWindow(Videos,"plugin://plugin.video.exodus/?action=movieNavigator",return)</action>
	</shortcut>
	<shortcut>
		<defaultID>1037</defaultID>
		<label>Salts</label>
		<label2>פריטים מותאמים אישית</label2>
		<icon>special://skin/extras/icons/DefaultAddonVideo.png</icon>
		<thumb />
		<action>ActivateWindow(Videos,"plugin://plugin.video.salts/?section=Movies&amp;mode=browse",return)</action>
	</shortcut>
</shortcuts>
