<?xml version='1.0' encoding='UTF-8'?>
<shortcuts>
	<shortcut>
		<defaultID>652</defaultID>
		<label>MUSIC TV</label>
		<label2>פריטים מותאמים אישית</label2>
		<icon>DefaultShortcut.png</icon>
		<thumb />
		<action>ActivateWindow(Music,"plugin://plugin.video.bob/?action=directory&amp;url=http%3A%2F%2Fnorestrictions.club%2Fnorestrictions.club%2Ftastreams%2Ffiles%2Fmusic%2FMusic%2520TV.xml&amp;content=0",return)</action>
	</shortcut>
	<shortcut>
		<defaultID>344</defaultID>
		<label>שנות ה-80-90</label>
		<label2>פריטים מותאמים אישית</label2>
		<icon>DefaultShortcut.png</icon>
		<thumb />
		<action>ActivateWindow(Videos,"plugin://plugin.video.80smusicvideos",return)</action>
	</shortcut>
	<shortcut>
		<defaultID />
		<label>JANGO</label>
		<label2>פריטים מותאמים אישית</label2>
		<icon>DefaultShortcut.png</icon>
		<thumb />
		<action>ActivateWindow(Music,"plugin://plugin.audio.jango/?url=http%3A%2F%2Fwww.jango.com%2Fbrowse_music&amp;mode=2&amp;name=Browse+Music&amp;iconimage=C%3A%5CUsers%5Cyigal%5CAppData%5CRoaming%5CKodi%5Caddons%5Cplugin.audio.jango%5Cart%2Ficon_browse_music.jpg&amp;list=&lt;type 'list'&gt;&amp;type=&amp;id=",return)</action>
	</shortcut>
	<shortcut>
		<defaultID>20459</defaultID>
		<label>מיוזיק סנטר</label>
		<label2>פריטים מותאמים אישית</label2>
		<icon>DefaultShortcut.png</icon>
		<thumb />
		<action>ActivateWindow(Videos,"plugin://plugin.video.themusicsource",return)</action>
	</shortcut>
	<shortcut>
		<defaultID />
		<label>UK MUSIC</label>
		<label2>פריטים מותאמים אישית</label2>
		<icon>DefaultShortcut.png</icon>
		<thumb />
		<action>ActivateWindow(Videos,"plugin://plugin.video.ukmvjb",return)</action>
	</shortcut>
	<shortcut>
		<defaultID />
		<label>MP3 STREAM</label>
		<label2>פריטים מותאמים אישית</label2>
		<icon>DefaultShortcut.png</icon>
		<thumb />
		<action>ActivateWindow(Music,"plugin://plugin.audio.mp3streams",return)</action>
	</shortcut>
	<shortcut>
		<defaultID />
		<label>תחנות רדיו</label>
		<label2>פריטים מותאמים אישית</label2>
		<icon>DefaultShortcut.png</icon>
		<thumb />
		<action>ActivateWindow(Music,"plugin://plugin.audio.radio_de",return)</action>
	</shortcut>
</shortcuts>
