<?xml version='1.0' encoding='UTF-8'?>
<shortcuts>
	<shortcut>
		<defaultID />
		<label>תוכניות ילדים</label>
		<label2>פריטים מותאמים אישית</label2>
		<icon>DefaultShortcut.png</icon>
		<thumb />
		<action>ActivateWindow(Videos,"plugin://plugin.video.MakoTV/?url=http%3A%2F%2Fwww.mako.co.il%2Fmako-vod-kids&amp;mode=0&amp;name=%D7%AA%D7%9B%D7%A0%D7%99%D7%95%D7%AA+%D7%99%D7%9C%D7%93%D7%99%D7%9D&amp;iconimage=http://now.tufts.edu/sites/default/files/111116_kids_TV_illo_L.JPG",return)</action>
	</shortcut>
	<shortcut>
		<defaultID />
		<label>קלטות ילדים</label>
		<label2>פריטים מותאמים אישית</label2>
		<icon>DefaultShortcut.png</icon>
		<thumb />
		<action>ActivateWindow(Videos,"plugin://plugin.video.MakoTV/?url=http%3A%2F%2Fwww.mako.co.il%2Fmako-vod-kids&amp;mode=0&amp;name=%D7%A7%D7%9C%D7%98%D7%95%D7%AA+%D7%99%D7%9C%D7%93%D7%99%D7%9D&amp;iconimage=http://img.agora.co.il/deals_images/2013-08/936426.jpg",return)</action>
	</shortcut>
	<shortcut>
		<defaultID />
		<label>מדובבים</label>
		<label2>פריטים מותאמים אישית</label2>
		<icon>DefaultShortcut.png</icon>
		<thumb />
		<action>ActivateWindow(Videos,"plugin://plugin.video.multidown/?action=showposts&amp;title=%D7%99%D7%9C%D7%93%D7%99%D7%9D&amp;url=http%3A%2F%2Fwww.multidown.me%2Fcategory%2F%25d7%25a1%25d7%25a8%25d7%2598%25d7%2599%25d7%259d-%25d7%259c%25d7%2594%25d7%2595%25d7%25a8%25d7%2593%25d7%2594-%25d7%2595%25d7%259c%25d7%25a6%25d7%25a4%25d7%2599%25d7%2599%25d7%2594-%25d7%2599%25d7%25a9%25d7%2599%25d7%25a8%25d7%2594%2Fkids%2F&amp;thumbnail=C%3A%5CUsers%5Cyigal%5CAppData%5CRoaming%5CKodi%5Caddons%5Cplugin.video.multidown%5Cresources%5Cfanart.jpg&amp;extra=&amp;page=",return)</action>
	</shortcut>
	<shortcut>
		<defaultID />
		<label>סרטים לילדים</label>
		<label2>פריטים מותאמים אישית</label2>
		<icon>DefaultShortcut.png</icon>
		<thumb />
		<action>ActivateWindow(Videos,"plugin://plugin.video.KIDSIL/?url=bj&amp;mode=18&amp;name=%D7%A1%D7%A8%D7%98%D7%99%D7%9D+%D7%9C%D7%99%D7%9C%D7%93%D7%99%D7%9D&amp;iconimage=http%3A%2F%2Fqueenbeecoupons.com%2Fwp-content%2Fupload%2F2016%2F06%2FAmazon-Summer-Movies-550x307.png&amp;description=",return)</action>
	</shortcut>
	<shortcut>
		<defaultID />
		<label>בייבי טיוי</label>
		<label2>פריטים מותאמים אישית</label2>
		<icon>DefaultShortcut.png</icon>
		<thumb />
		<action>ActivateWindow(Videos,"plugin://plugin.video.baby",return)</action>
	</shortcut>
	<shortcut>
		<defaultID />
		<label>מצוירים-אנגלית</label>
		<label2>פריטים מותאמים אישית</label2>
		<icon>DefaultShortcut.png</icon>
		<thumb />
		<action>ActivateWindow(Videos,"plugin://plugin.video.bobbycart",return)</action>
	</shortcut>
	<shortcut>
		<defaultID />
		<label>דיסני</label>
		<label2>פריטים מותאמים אישית</label2>
		<icon>DefaultShortcut.png</icon>
		<thumb />
		<action>ActivateWindow(Videos,"plugin://plugin.video.disneyjunior",return)</action>
	</shortcut>
	<shortcut>
		<defaultID />
		<label>[COLOR #04f725] Cartoon [/COLOR]</label>
		<label2>פריטים מותאמים אישית</label2>
		<icon>DefaultShortcut.png</icon>
		<thumb />
		<action>ActivateWindow(Videos,"plugin://plugin.video.toonmania/?url=http%3A%2F%2Fapi.animetoon.tv%2FGetPopularCartoon&amp;mode=1&amp;name=Popular+Cartoons&amp;description=&amp;iconimage=C:\\Users\\yigal\\AppData\\Roaming\\Kodi\\addons\\plugin.video.toonmania\\icon.png",return)</action>
	</shortcut>
</shortcuts>
