<?xml version='1.0' encoding='UTF-8'?>
<shortcuts>
	<shortcut>
		<defaultID>19023</defaultID>
		<label>19023</label>
		<label2 />
		<icon>DefaultShortcut.png</icon>
		<thumb />
		<action>ActivateWindow(TVChannels)</action>
	</shortcut>
	<shortcut>
		<defaultID>19069</defaultID>
		<label>19069</label>
		<label2 />
		<icon>DefaultShortcut.png</icon>
		<thumb />
		<action>ActivateWindow(TVGuide)</action>
	</shortcut>
	<shortcut>
		<defaultID>19040</defaultID>
		<label>19040</label>
		<label2 />
		<icon>DefaultShortcut.png</icon>
		<thumb />
		<action>ActivateWindow(TVTimers)</action>
	</shortcut>
</shortcuts>
