<?xml version='1.0' encoding='UTF-8'?>
<shortcuts>
	<shortcut>
		<defaultID>movies</defaultID>
		<label>מאקו טיוי</label>
		<label2>פריטים מותאמים אישית</label2>
		<icon>DefaultMovies.png</icon>
		<thumb />
		<action>ActivateWindow(Videos,"plugin://plugin.video.MakoTV",return)</action>
	</shortcut>
	<shortcut>
		<defaultID />
		<label>[B] רשת [/B]</label>
		<label2>פריטים מותאמים אישית</label2>
		<icon>DefaultShortcut.png</icon>
		<thumb />
		<action>ActivateWindow(Videos,"plugin://plugin.video.reshet.ebs.video",return)</action>
	</shortcut>
	<shortcut>
		<defaultID />
		<label>VOD IL</label>
		<label2>פריטים מותאמים אישית</label2>
		<icon>DefaultShortcut.png</icon>
		<thumb />
		<action>ActivateWindow(Videos,"plugin://plugin.video.Vodil",return)</action>
	</shortcut>
	<shortcut>
		<defaultID />
		<label>[COLOR pink] HOT [/COLOR]</label>
		<label2>פריטים מותאמים אישית</label2>
		<icon>DefaultShortcut.png</icon>
		<thumb />
		<action>ActivateWindow(Videos,"plugin://plugin.video.hotVOD.video",return)</action>
	</shortcut>
	<shortcut>
		<defaultID />
		<label>חדשות 2</label>
		<label2>פריטים מותאמים אישית</label2>
		<icon>DefaultShortcut.png</icon>
		<thumb />
		<action>ActivateWindow(Videos,"plugin://plugin.video.MakoTV/?url=news&amp;mode=10&amp;name=%D7%97%D7%93%D7%A9%D7%95%D7%AA+2&amp;iconimage=http://www.orian.com/_uploads/imagesgallery/logo.bmp",return)</action>
	</shortcut>
	<shortcut>
		<defaultID />
		<label>[COLOR red] סרטים ישראלים [/COLOR]</label>
		<label2>פריטים מותאמים אישית</label2>
		<icon>DefaultShortcut.png</icon>
		<thumb />
		<action>ActivateWindow(Videos,"plugin://plugin.video.multidown/?action=showposts&amp;title=%D7%99%D7%A9%D7%A8%D7%90%D7%9C%D7%99&amp;url=http%3A%2F%2Fwww.multidown.me%2Fcategory%2F%25d7%25a1%25d7%25a8%25d7%2598%25d7%2599%25d7%259d-%25d7%259c%25d7%2594%25d7%2595%25d7%25a8%25d7%2593%25d7%2594-%25d7%2595%25d7%259c%25d7%25a6%25d7%25a4%25d7%2599%25d7%2599%25d7%2594-%25d7%2599%25d7%25a9%25d7%2599%25d7%25a8%25d7%2594%2Fisraeli%2F&amp;thumbnail=C%3A%5CUsers%5Cyigal%5CAppData%5CRoaming%5CKodi%5Caddons%5Cplugin.video.multidown%5Cresources%5Cisraeli.jpg&amp;extra=&amp;page=",return)</action>
	</shortcut>
	<shortcut>
		<defaultID />
		<label>סדרות ישראלי</label>
		<label2>פריטים מותאמים אישית</label2>
		<icon>DefaultShortcut.png</icon>
		<thumb />
		<action>ActivateWindow(Videos,"plugin://plugin.video.sdarot.tv/?url=all-heb&amp;mode=2&amp;name=ישראלי&amp;summary=&amp;module=https%3A%2F%2Fwww.sdarot.live%2Fseries%2Fgenre%2F20-%D7%99%D7%A9%D7%A8%D7%90%D7%9C%D7%99",return)</action>
	</shortcut>
	<shortcut>
		<defaultID />
		<label>סאטירה</label>
		<label2>פריטים מותאמים אישית</label2>
		<icon>DefaultShortcut.png</icon>
		<thumb />
		<action>ActivateWindow(Videos,"plugin://plugin.video.sdarot.tv/?url=all-heb&amp;mode=2&amp;name=סאטירה&amp;summary=&amp;module=https%3A%2F%2Fwww.sdarot.live%2Fseries%2Fgenre%2F28-%D7%A1%D7%90%D7%98%D7%99%D7%A8%D7%94",return)</action>
	</shortcut>
</shortcuts>
