<?xml version='1.0' encoding='UTF-8'?>
<shortcuts>
	<shortcut>
		<defaultID>14022</defaultID>
		<label>[B] UFC [/B]</label>
		<label2>פריטים מותאמים אישית</label2>
		<icon>DefaultShortcut.png</icon>
		<thumb />
		<action>ActivateWindow(Videos,"plugin://plugin.video.UFC",return)</action>
	</shortcut>
	<shortcut>
		<defaultID />
		<label>[COLOR orange] ערוצי ספורט [/COLOR]</label>
		<label2>פריטים מותאמים אישית</label2>
		<icon>DefaultShortcut.png</icon>
		<thumb />
		<action>ActivateWindow(Videos,"plugin://plugin.video.notfilmon/?url=%2Fgroup%2Fsports&amp;mode=3&amp;name=SPORTS&amp;iconimage=https%3A%2F%2Fstatic.filmon.com%2Fassets%2Fgroups%2F2%2Fbig_logo.png&amp;description=&amp;group=SPORTS",return)</action>
	</shortcut>
	<shortcut>
		<defaultID />
		<label>ערוצים פאלקון</label>
		<label2>פריטים מותאמים אישית</label2>
		<icon>DefaultShortcut.png</icon>
		<thumb />
		<action>ActivateWindow(Videos,"plugin://plugin.video.falcmov/?url=plugin%3A%2F%2Fplugin.video.falconsports%2F&amp;mode=53&amp;name=%5BCOLOR+red%5D%5BB%5DFalcon%5B%2FCOLOR%5D+%5BCOLOR+white%5DSport%5B%2FB%5D%5B%2FCOLOR%5D&amp;fanart=",return)</action>
	</shortcut>
</shortcuts>
