<?xml version='1.0' encoding='UTF-8'?>
<shortcuts>
	<shortcut>
		<defaultID />
		<label>סרטים אחרונים</label>
		<label2>פריטים מותאמים אישית</label2>
		<icon>DefaultShortcut.png</icon>
		<thumb />
		<action>ActivateWindow(Videos,library://video/movies/recentlyaddedmovies.xml/,return)</action>
	</shortcut>
	<shortcut>
		<defaultID />
		<label>כותרת</label>
		<label2>פריטים מותאמים אישית</label2>
		<icon>DefaultShortcut.png</icon>
		<thumb />
		<action>ActivateWindow(Videos,library://video/movies/titles.xml/,return)</action>
	</shortcut>
	<shortcut>
		<defaultID>movies</defaultID>
		<label>שנה</label>
		<label2>פריטים מותאמים אישית</label2>
		<icon>DefaultMovies.png</icon>
		<thumb />
		<action>ActivateWindow(Videos,"library://video/movies/years.xml/",return)</action>
	</shortcut>
	<shortcut>
		<defaultID />
		<label>סגנון</label>
		<label2>פריטים מותאמים אישית</label2>
		<icon>DefaultShortcut.png</icon>
		<thumb />
		<action>ActivateWindow(Videos,"library://video/movies/genres.xml/",return)</action>
	</shortcut>
	<shortcut>
		<defaultID />
		<label>מארזים</label>
		<label2>פריטים מותאמים אישית</label2>
		<icon>DefaultShortcut.png</icon>
		<thumb />
		<action>ActivateWindow(Videos,"library://video/movies/sets.xml/",return)</action>
	</shortcut>
</shortcuts>
