{
 "name"         : " stream hub ([COLOR green]סרטים וסדרות[/COLOR])",
 "repository"   : "StreamHub Repository",
 "plugin"       : "plugin.video.streamhub",
 "priority"     : 56,
 "id"           : "direct.streamhub.q",
 "filters"      : {},
 "postprocess"  : "",
 "movies"       : [
  [
   {
    "link"      : "plugin://plugin.video.streamhub/?action=playscrape&name={title}+%28{year}%29&title={title}&year={year}&imdb={imdb}&tmdb={tmdb}",
    "steps"     : [],
    "action"    : "PLAY"
   }
  ]
 ],
 "tvshows"      : [
  [
   {
    "link"      : "plugin://plugin.video.streamhub/?action=playscrape&name={name}&title={title}&year={year}&imdb={imdb}&tmdb={tmdb}&tvdb={id}&tvrage=&season={season}&episode={episode}&tvshowtitle={showname}&alter=1&premiered={firstaired}",
    "steps"     : [],
    "action"    : "PLAY"
   }
  ]
 ],
 "musicvideos"  : [],
 "music"        : [],
 "live"         : []
}