{
 "name"         : " Salts ([COLOR red]סרטים וסדרות[/COLOR])",
 "repository"   : "repository.tknorrise.release",
 "plugin"       : "plugin.video.salts",
 "priority"     : 200,
 "id"           : "direct.salts.q",
 "filters"      : {},
 "postprocess"  : "",
 "movies"       : [
  [
   {
    "link"      : "plugin://plugin.video.salts/?title={title_+}&video_type=Movie&trakt_id={trakt}&mode=select_source&dialog=False&year={year}",
    "steps"     : [],
    "action"    : "PLAY"
   }
  ]
 ],
 "tvshows"      : [
  [
   {
    "link"      : "plugin://plugin.video.salts/?ep_airdate={firstaired}&trakt_id={trakt}&episode={episode}&mode=select_source&dialog=False&title={clearname_+}&ep_title={title_+}&season={season}&year={year}&video_type=Episode",
    "steps"     : [],
    "action"    : "PLAY"
   }
  ]
 ],
 "musicvideos"  : [],
 "music"        : [],
 "live"         : []
}
