{
 "name"         : " SkyNet ([COLOR green]4K סרטים[/COLOR]) ",
 "repository"   : "repository.maverick",
 "plugin"       : "plugin.video.SkyNet",
 "priority"     : 900,
 "id"           : "explore.skynet.q",
 "filters"      : {},
 "postprocess"  : "",
 "movies"       : [
  [
   {
    "link"      : "plugin://plugin.video.SkyNet/?fanart=http%3a%2f%2fmaverickrepo.net%2fdata%2fskynetbg.jpg&iconimage=http%3a%2f%2fmaverickrepo.net%2fdata%2fskyicon4k.png&mode=1&name=%5bCOLOR%20white%5dSky%20Net%204K%20Movies%5b%2fCOLOR%5d&url=http%3a%2f%2fsilenthunterstreams.net%2fskynet%2f4k.xml",
        "steps": [
        "@any",
         ".*{title}.*"
      ], 
    "action"    : "PLAY"
   }
  ]
 ],

 "musicvideos"  : [],
 "music"        : [],
 "live"         : []
}