{
 "name"         : "[COLOR red]Sdarot.tv[/COLOR] ([COLOR gold]סדרות עם תרגום מובנה[/COLOR])",
 "repository"   : "repository.sdarot",
 "plugin"       : "plugin.video.sdarot.tv",
 "priority"     : 100,
 "id"           : "navigate.sdarot.q",
 "filters"      : {},
 "postprocess"  : "",
  "tvshows"       : [
  [
   {
    "language": "he",
    "link"      : "plugin://plugin.video.sdarot.tv/",
    "steps"     : [
     "@anycontaining:הכל א-ת",
	 "{showname}",
	 "עונה {season}",
	 "פרק {episode}"
     ],
    "action"    : "PLAY"
    },
   {
  
    "language": "he",
    "link"      : "plugin://plugin.video.sdarot.tv/",
    "steps"     : [
	 "@anycontaining:הכל a-z",
	 "{showname}",
	 "עונה {season}",
	 "פרק {episode}"
     ],
    "action"    : "PLAY"
  
   }
  ]
 ] 
}