<?xml version='1.0' encoding='UTF-8'?>
<shortcuts>
	<shortcut>
		<defaultID>plugin.program.meta_search</defaultID>
		<label>חיפוש</label>
		<label2>הרחבת וידאו</label2>
		<icon>DefaultShortcut.png</icon>
		<thumb>special://home/skinphotos/icon/search.png</thumb>
		<action>ActivateWindow(Videos,"plugin://plugin.program.meta_search",return)</action>
	</shortcut>
	<shortcut>
		<defaultID />
		<label>סרטים</label>
		<label2>הרחבת וידאו</label2>
		<icon>DefaultShortcut.png</icon>
		<thumb>special://home/skinphotos/icon/movies.png</thumb>
		<action>ActivateWindow(Videos,"plugin://plugin.video.all_addons_stream_light/?url=%D7%A1%D7%A8%D7%98%D7%99%D7%9D&amp;mode=9&amp;name=%D7%A1%D7%A8%D7%98%D7%99%D7%9D&amp;iconimage=C%3A%5CUsers%5Cuser%5CAppData%5CRoaming%5CKodi%5Caddons%5Cplugin.video.all_addons_stream_light%5Cresources%5Cart%5CMovies-Oscar-icon.png",return)</action>
	</shortcut>
	<shortcut>
		<defaultID />
		<label>סדרות</label>
		<label2>הרחבת וידאו</label2>
		<icon>DefaultShortcut.png</icon>
		<thumb>special://home/skinphotos/icon/tvshows.png</thumb>
		<action>ActivateWindow(Videos,"plugin://plugin.video.all_addons_stream_light/?url=%D7%A1%D7%93%D7%A8%D7%95%D7%AA&amp;mode=10&amp;name=%D7%A1%D7%93%D7%A8%D7%95%D7%AA&amp;iconimage=C%3A%5CUsers%5Cuser%5CAppData%5CRoaming%5CKodi%5Caddons%5Cplugin.video.all_addons_stream_light%5Cresources%5Cart%5Ctelevision-08-icon.png",return)</action>
	</shortcut>
	<shortcut>
		<defaultID />
		<label>הרחבות</label>
		<label2>הרחבת וידאו</label2>
		<icon>DefaultShortcut.png</icon>
		<thumb>special://home/skinphotos/icon/addons.png</thumb>
		<action>ActivateWindow(Videos,"plugin://plugin.video.all_addons_stream_light/?url=%D7%94%D7%A8%D7%97%D7%91%D7%95%D7%AA&amp;mode=58&amp;name=%D7%94%D7%A8%D7%97%D7%91%D7%95%D7%AA&amp;iconimage=C%3A%5CUsers%5Cuser%5CAppData%5CRoaming%5CKodi%5Caddons%5Cplugin.video.all_addons_stream_light%5Cresources%5Cart%5Cmovie-icon.png",return)</action>
	</shortcut>
	<shortcut>
		<defaultID />
		<label>ספרית תוכן</label>
		<label2>הרחבת וידאו</label2>
		<icon>DefaultShortcut.png</icon>
		<thumb>special://home/skinphotos/icon/vod.png</thumb>
		<action>ActivateWindow(Videos,"plugin://plugin.video.all_addons_stream_light/?url=%D7%A1%D7%A4%D7%A8%D7%99%D7%AA+%D7%AA%D7%95%D7%9B%D7%9F&amp;mode=33&amp;name=%D7%A1%D7%A4%D7%A8%D7%99%D7%AA+%D7%AA%D7%95%D7%9B%D7%9F&amp;iconimage=C%3A%5CUsers%5Cuser%5CAppData%5CRoaming%5CKodi%5Caddons%5Cplugin.video.all_addons_stream_light%5Cresources%5Cart%5CMovies-icon.png",return)</action>
	</shortcut>
	<shortcut>
		<defaultID />
		<label>ילדים</label>
		<label2>הרחבת וידאו</label2>
		<icon>DefaultShortcut.png</icon>
		<thumb>special://home/skinphotos/icon/kids.png</thumb>
		<action>ActivateWindow(Videos,"plugin://plugin.video.all_addons_stream_light/?url=%D7%99%D7%9C%D7%93%D7%99%D7%9D&amp;mode=13&amp;name=%D7%99%D7%9C%D7%93%D7%99%D7%9D&amp;iconimage=C%3A%5CUsers%5Cuser%5CAppData%5CRoaming%5CKodi%5Caddons%5Cplugin.video.all_addons_stream_light%5Cresources%5Cart%5CKids-icon.png",return)</action>
	</shortcut>
	<shortcut>
		<defaultID />
		<label>טלוויזיה</label>
		<label2>הרחבת וידאו</label2>
		<icon>DefaultShortcut.png</icon>
		<thumb>special://home/skinphotos/icon/livetv.png</thumb>
		<action>ActivateWindow(Videos,"plugin://plugin.video.all_addons_stream_light/?url=%D7%98%D7%9C%D7%95%D7%95%D7%99%D7%96%D7%99%D7%94&amp;mode=11&amp;name=%D7%98%D7%9C%D7%95%D7%95%D7%99%D7%96%D7%99%D7%94&amp;iconimage=C%3A%5CUsers%5Cuser%5CAppData%5CRoaming%5CKodi%5Caddons%5Cplugin.video.all_addons_stream_light%5Cresources%5Cart%5Ctelevision-07-icon.png",return)</action>
	</shortcut>
	<shortcut>
		<defaultID />
		<label>מדע וטבע</label>
		<label2>הרחבת וידאו</label2>
		<icon>DefaultShortcut.png</icon>
		<thumb>special://home/skinphotos/icon/nature.png</thumb>
		<action>ActivateWindow(Videos,"plugin://plugin.video.all_addons_stream_light/?url=%D7%93%D7%95%D7%A7%D7%95%D7%9E%D7%A0%D7%98%D7%A8%D7%99&amp;mode=12&amp;name=%D7%9E%D7%93%D7%A2+%D7%95%D7%98%D7%91%D7%A2&amp;iconimage=C%3A%5CUsers%5Cuser%5CAppData%5CRoaming%5CKodi%5Caddons%5Cplugin.video.all_addons_stream_light%5Cresources%5Cart%5CDocumentary-icon.png",return)</action>
	</shortcut>
	<shortcut>
		<defaultID />
		<label>מוזיקה</label>
		<label2>הרחבת וידאו</label2>
		<icon>DefaultShortcut.png</icon>
		<thumb>special://home/skinphotos/icon/music.png</thumb>
		<action>ActivateWindow(Videos,"plugin://plugin.video.all_addons_stream_light/?url=%D7%9E%D7%95%D7%96%D7%99%D7%A7%D7%94&amp;mode=70&amp;name=%D7%9E%D7%95%D7%96%D7%99%D7%A7%D7%94++%D7%95%D7%A8%D7%93%D7%99%D7%95&amp;iconimage=C%3A%5CUsers%5Cuser%5CAppData%5CRoaming%5CKodi%5Caddons%5Cplugin.video.all_addons_stream_light%5Cresources%5Cart%5CMusic-icon.png",return)</action>
	</shortcut>
	<shortcut>
		<defaultID>favourites</defaultID>
		<label>1036</label>
		<label2>Common Shortcut</label2>
		<icon>DefaultShortcut.png</icon>
		<thumb>special://home/skinphotos/icon/favorites.png</thumb>
		<action>ActivateWindow(favourites)</action>
	</shortcut>
	<shortcut>
		<defaultID>weather</defaultID>
		<label>12600</label>
		<label2>Common Shortcut</label2>
		<icon>DefaultShortcut.png</icon>
		<thumb>special://home/skinphotos/icon/weather.png</thumb>
		<action>ActivateWindow(Weather)</action>
	</shortcut>
	<shortcut>
		<defaultID />
		<label>מערכת</label>
		<label2>הרחבת וידאו</label2>
		<icon>DefaultShortcut.png</icon>
		<thumb>special://home/skinphotos/icon/settings.png</thumb>
		<action>ActivateWindow(Videos,"plugin://plugin.video.all_addons_stream_light/?url=%D7%9E%D7%A2%D7%A8%D7%9B%D7%AA&amp;mode=61&amp;name=%D7%9E%D7%A2%D7%A8%D7%9B%D7%AA&amp;iconimage=C%3A%5CUsers%5Cuser%5CAppData%5CRoaming%5CKodi%5Caddons%5Cplugin.video.all_addons_stream_light%5Cresources%5Cart%5CSettings-icon.png",return)</action>
	</shortcut>
</shortcuts>
