<?xml version="1.0" encoding="UTF-8" standalone="yes"?>
<addon id="plugin.program.op.setup" name="Optimus Prime Kodi Setup" version="3.0.3" provider-name="op">
  <requires>
    <import addon="xbmc.python" version="2.1.0"/>
	<import addon="script.module.requests" version="2.4.3" />
  </requires>
    <extension point="xbmc.python.pluginsource" library="default.py">
        <provides>executable</provides>
    </extension>
	<extension point="xbmc.service" library="update.py" start="[login|startup]"/>
  <extension point="xbmc.addon.metadata">
    <summary lang="en">Optimus Prime Kodi Setup</summary>
    <description lang="en">Optimus Prime Kodi Setup</description>
    <platform>all</platform>
  </extension>
</addon>
