{
 "name"         : "Search [COLOR ff0084ff]-[/COLOR] M4U ([COLOR FF0084FF]M[/COLOR])",
 "repository"   : "repository.mdrepo",
 "plugin"       : "plugin.video.mdm4u",
 "priority"     : 900,
 "id"           : "search.m4u.m",
 "filters"      : {},
 "postprocess"  : "",
 "movies"       : [
  [
   {
    "link"      : "plugin://plugin.video.mdm4u/?url=http://m4ufree.info/tag/{title_-}&mode=11",
    "steps"     : [
     ".*{title}.*({year}).*"
     ],
    "action"    : "PLAY"
   }
  ]
 ],
 "tvshows"      : [
  [
   {
    "link"      : "plugin://plugin.video.mdm4u/?url=http://m4ufree.info/tagtvs/{clearname_-}&mode=11",
    "steps"     : [
     ".*{clearname}.*",
     ".*S{season:02d}-E{episode:02d}.*"
     ],
    "action"    : "PLAY"
   }
  ]
 ],
 "live"         : []
}